timestamp,instance_id,metric_label,value,memory_gb,storage_gb
2026-01-28 23:15:00,Web-Server-01,CPU_usage,39.33,16,100
2026-01-28 23:30:00,Web-Server-01,CPU_usage,39.44,16,100
2026-01-28 23:45:00,Web-Server-01,CPU_usage,39.36,16,100
2026-01-29 00:00:00,Web-Server-01,CPU_usage,39.7,16,100
2026-01-29 00:15:00,Web-Server-01,CPU_usage,41.56,16,100
2026-01-29 00:30:00,Web-Server-01,CPU_usage,39.61,16,100
2026-01-29 00:45:00,Web-Server-01,CPU_usage,39.95,16,100
2026-01-29 01:00:00,Web-Server-01,CPU_usage,38.51,16,100
2026-01-29 01:15:00,Web-Server-01,CPU_usage,41.04,16,100
2026-01-29 01:30:00,Web-Server-01,CPU_usage,39.83,16,100
2026-01-29 01:45:00,Web-Server-01,CPU_usage,39.33,16,100
2026-01-29 02:00:00,Web-Server-01,CPU_usage,39.34,16,100
2026-01-29 02:15:00,Web-Server-01,CPU_usage,42.36,16,100
2026-01-29 02:30:00,Web-Server-01,CPU_usage,39.18,16,100
2026-01-29 02:45:00,Web-Server-01,CPU_usage,40.91,16,100
2026-01-29 03:00:00,Web-Server-01,CPU_usage,40.01,16,100
2026-01-29 03:15:00,Web-Server-01,CPU_usage,37.7,16,100
2026-01-29 03:30:00,Web-Server-01,CPU_usage,39.51,16,100
2026-01-29 03:45:00,Web-Server-01,CPU_usage,39.54,16,100
2026-01-29 04:00:00,Web-Server-01,CPU_usage,39.23,16,100
2026-01-29 04:15:00,Web-Server-01,CPU_usage,39.57,16,100
2026-01-29 04:30:00,Web-Server-01,CPU_usage,39.77,16,100
2026-01-29 04:45:00,Web-Server-01,CPU_usage,40.74,16,100
2026-01-29 05:00:00,Web-Server-01,CPU_usage,39.0,16,100
2026-01-29 05:15:00,Web-Server-01,CPU_usage,38.7,16,100
2026-01-29 05:30:00,Web-Server-01,CPU_usage,38.79,16,100
2026-01-29 05:45:00,Web-Server-01,CPU_usage,40.17,16,100
2026-01-29 06:00:00,Web-Server-01,CPU_usage,41.25,16,100
2026-01-29 06:15:00,Web-Server-01,CPU_usage,39.92,16,100
2026-01-29 06:30:00,Web-Server-01,CPU_usage,39.82,16,100
2026-01-29 06:45:00,Web-Server-01,CPU_usage,40.66,16,100
2026-01-29 07:00:00,Web-Server-01,CPU_usage,39.93,16,100
2026-01-29 07:15:00,Web-Server-01,CPU_usage,38.21,16,100
2026-01-29 07:30:00,Web-Server-01,CPU_usage,37.76,16,100
2026-01-29 07:45:00,Web-Server-01,CPU_usage,41.66,16,100
2026-01-29 08:00:00,Web-Server-01,CPU_usage,40.66,16,100
2026-01-29 08:15:00,Web-Server-01,CPU_usage,41.41,16,100
2026-01-29 08:30:00,Web-Server-01,CPU_usage,40.07,16,100
2026-01-29 08:45:00,Web-Server-01,CPU_usage,39.53,16,100
2026-01-29 09:00:00,Web-Server-01,CPU_usage,42.43,16,100
2026-01-29 09:15:00,Web-Server-01,CPU_usage,40.09,16,100
2026-01-29 09:30:00,Web-Server-01,CPU_usage,38.0,16,100
2026-01-29 09:45:00,Web-Server-01,CPU_usage,40.45,16,100
2026-01-29 10:00:00,Web-Server-01,CPU_usage,39.34,16,100
2026-01-29 10:15:00,Web-Server-01,CPU_usage,40.61,16,100
2026-01-29 10:30:00,Web-Server-01,CPU_usage,40.34,16,100
2026-01-29 10:45:00,Web-Server-01,CPU_usage,40.16,16,100
2026-01-29 11:00:00,Web-Server-01,CPU_usage,65.38,16,100
2026-01-29 11:15:00,Web-Server-01,CPU_usage,65.48,16,100
2026-01-29 11:30:00,Web-Server-01,CPU_usage,65.03,16,100
2026-01-29 11:45:00,Web-Server-01,CPU_usage,64.81,16,100
2026-01-29 12:00:00,Web-Server-01,CPU_usage,81.69,16,100
2026-01-29 12:15:00,Web-Server-01,CPU_usage,84.54,16,100
2026-01-29 12:30:00,Web-Server-01,CPU_usage,83.92,16,100
2026-01-29 12:45:00,Web-Server-01,CPU_usage,83.97,16,100
2026-01-29 13:00:00,Web-Server-01,CPU_usage,90.29,16,100
2026-01-29 13:15:00,Web-Server-01,CPU_usage,90.33,16,100
2026-01-29 13:30:00,Web-Server-01,CPU_usage,90.44,16,100
2026-01-29 13:45:00,Web-Server-01,CPU_usage,88.33,16,100
2026-01-29 14:00:00,Web-Server-01,CPU_usage,84.11,16,100
2026-01-29 14:15:00,Web-Server-01,CPU_usage,83.98,16,100
2026-01-29 14:30:00,Web-Server-01,CPU_usage,82.88,16,100
2026-01-29 14:45:00,Web-Server-01,CPU_usage,81.76,16,100
2026-01-29 15:00:00,Web-Server-01,CPU_usage,64.65,16,100
2026-01-29 15:15:00,Web-Server-01,CPU_usage,61.91,16,100
2026-01-29 15:30:00,Web-Server-01,CPU_usage,62.8,16,100
2026-01-29 15:45:00,Web-Server-01,CPU_usage,65.65,16,100
2026-01-29 16:00:00,Web-Server-01,CPU_usage,39.75,16,100
2026-01-29 16:15:00,Web-Server-01,CPU_usage,40.89,16,100
2026-01-29 16:30:00,Web-Server-01,CPU_usage,40.44,16,100
2026-01-29 16:45:00,Web-Server-01,CPU_usage,40.02,16,100
2026-01-29 17:00:00,Web-Server-01,CPU_usage,38.74,16,100
2026-01-29 17:15:00,Web-Server-01,CPU_usage,41.18,16,100
2026-01-29 17:30:00,Web-Server-01,CPU_usage,41.81,16,100
2026-01-29 17:45:00,Web-Server-01,CPU_usage,39.45,16,100
2026-01-29 18:00:00,Web-Server-01,CPU_usage,40.03,16,100
2026-01-29 18:15:00,Web-Server-01,CPU_usage,40.78,16,100
2026-01-29 18:30:00,Web-Server-01,CPU_usage,40.73,16,100
2026-01-29 18:45:00,Web-Server-01,CPU_usage,40.0,16,100
2026-01-29 19:00:00,Web-Server-01,CPU_usage,38.14,16,100
2026-01-29 19:15:00,Web-Server-01,CPU_usage,40.67,16,100
2026-01-29 19:30:00,Web-Server-01,CPU_usage,36.35,16,100
2026-01-29 19:45:00,Web-Server-01,CPU_usage,39.5,16,100
2026-01-29 20:00:00,Web-Server-01,CPU_usage,39.8,16,100
2026-01-29 20:15:00,Web-Server-01,CPU_usage,38.21,16,100
2026-01-29 20:30:00,Web-Server-01,CPU_usage,39.13,16,100
2026-01-29 20:45:00,Web-Server-01,CPU_usage,41.26,16,100
2026-01-29 21:00:00,Web-Server-01,CPU_usage,38.37,16,100
2026-01-29 21:15:00,Web-Server-01,CPU_usage,40.37,16,100
2026-01-29 21:30:00,Web-Server-01,CPU_usage,40.82,16,100
2026-01-29 21:45:00,Web-Server-01,CPU_usage,41.01,16,100
2026-01-29 22:00:00,Web-Server-01,CPU_usage,38.8,16,100
2026-01-29 22:15:00,Web-Server-01,CPU_usage,40.38,16,100
2026-01-29 22:30:00,Web-Server-01,CPU_usage,39.33,16,100
2026-01-29 22:45:00,Web-Server-01,CPU_usage,40.97,16,100
2026-01-29 23:00:00,Web-Server-01,CPU_usage,41.26,16,100
2026-01-29 23:15:00,Web-Server-01,CPU_usage,39.07,16,100
2026-01-29 23:30:00,Web-Server-01,CPU_usage,40.24,16,100
2026-01-29 23:45:00,Web-Server-01,CPU_usage,39.51,16,100
2026-01-30 00:00:00,Web-Server-01,CPU_usage,39.5,16,100
2026-01-30 00:15:00,Web-Server-01,CPU_usage,37.88,16,100
2026-01-30 00:30:00,Web-Server-01,CPU_usage,40.65,16,100
2026-01-30 00:45:00,Web-Server-01,CPU_usage,40.45,16,100
2026-01-30 01:00:00,Web-Server-01,CPU_usage,40.18,16,100
2026-01-30 01:15:00,Web-Server-01,CPU_usage,39.22,16,100
2026-01-30 01:30:00,Web-Server-01,CPU_usage,41.59,16,100
2026-01-30 01:45:00,Web-Server-01,CPU_usage,40.84,16,100
2026-01-30 02:00:00,Web-Server-01,CPU_usage,39.51,16,100
2026-01-30 02:15:00,Web-Server-01,CPU_usage,39.52,16,100
2026-01-30 02:30:00,Web-Server-01,CPU_usage,40.97,16,100
2026-01-30 02:45:00,Web-Server-01,CPU_usage,39.59,16,100
2026-01-30 03:00:00,Web-Server-01,CPU_usage,39.14,16,100
2026-01-30 03:15:00,Web-Server-01,CPU_usage,39.3,16,100
2026-01-30 03:30:00,Web-Server-01,CPU_usage,39.28,16,100
2026-01-30 03:45:00,Web-Server-01,CPU_usage,40.08,16,100
2026-01-30 04:00:00,Web-Server-01,CPU_usage,40.45,16,100
2026-01-30 04:15:00,Web-Server-01,CPU_usage,39.16,16,100
2026-01-30 04:30:00,Web-Server-01,CPU_usage,39.89,16,100
2026-01-30 04:45:00,Web-Server-01,CPU_usage,38.45,16,100
2026-01-30 05:00:00,Web-Server-01,CPU_usage,40.1,16,100
2026-01-30 05:15:00,Web-Server-01,CPU_usage,40.34,16,100
2026-01-30 05:30:00,Web-Server-01,CPU_usage,39.57,16,100
2026-01-30 05:45:00,Web-Server-01,CPU_usage,39.97,16,100
2026-01-30 06:00:00,Web-Server-01,CPU_usage,38.9,16,100
2026-01-30 06:15:00,Web-Server-01,CPU_usage,39.64,16,100
2026-01-30 06:30:00,Web-Server-01,CPU_usage,42.05,16,100
2026-01-30 06:45:00,Web-Server-01,CPU_usage,40.06,16,100
2026-01-30 07:00:00,Web-Server-01,CPU_usage,39.46,16,100
2026-01-30 07:15:00,Web-Server-01,CPU_usage,40.95,16,100
2026-01-30 07:30:00,Web-Server-01,CPU_usage,40.39,16,100
2026-01-30 07:45:00,Web-Server-01,CPU_usage,41.33,16,100
2026-01-30 08:00:00,Web-Server-01,CPU_usage,40.69,16,100
2026-01-30 08:15:00,Web-Server-01,CPU_usage,38.49,16,100
2026-01-30 08:30:00,Web-Server-01,CPU_usage,39.0,16,100
2026-01-30 08:45:00,Web-Server-01,CPU_usage,39.11,16,100
2026-01-30 09:00:00,Web-Server-01,CPU_usage,40.26,16,100
2026-01-30 09:15:00,Web-Server-01,CPU_usage,39.78,16,100
2026-01-30 09:30:00,Web-Server-01,CPU_usage,38.29,16,100
2026-01-30 09:45:00,Web-Server-01,CPU_usage,39.61,16,100
2026-01-30 10:00:00,Web-Server-01,CPU_usage,38.44,16,100
2026-01-30 10:15:00,Web-Server-01,CPU_usage,39.42,16,100
2026-01-30 10:30:00,Web-Server-01,CPU_usage,39.17,16,100
2026-01-30 10:45:00,Web-Server-01,CPU_usage,39.86,16,100
2026-01-30 11:00:00,Web-Server-01,CPU_usage,38.82,16,100
2026-01-30 11:15:00,Web-Server-01,CPU_usage,40.01,16,100
2026-01-30 11:30:00,Web-Server-01,CPU_usage,41.27,16,100
2026-01-30 11:45:00,Web-Server-01,CPU_usage,40.77,16,100
2026-01-30 12:00:00,Web-Server-01,CPU_usage,40.34,16,100
2026-01-30 12:15:00,Web-Server-01,CPU_usage,40.98,16,100
2026-01-30 12:30:00,Web-Server-01,CPU_usage,40.49,16,100
2026-01-30 12:45:00,Web-Server-01,CPU_usage,39.13,16,100
2026-01-30 13:00:00,Web-Server-01,CPU_usage,40.29,16,100
2026-01-30 13:15:00,Web-Server-01,CPU_usage,39.92,16,100
2026-01-30 13:30:00,Web-Server-01,CPU_usage,41.27,16,100
2026-01-30 13:45:00,Web-Server-01,CPU_usage,38.35,16,100
2026-01-30 14:00:00,Web-Server-01,CPU_usage,40.43,16,100
2026-01-30 14:15:00,Web-Server-01,CPU_usage,39.09,16,100
2026-01-30 14:30:00,Web-Server-01,CPU_usage,40.95,16,100
2026-01-30 14:45:00,Web-Server-01,CPU_usage,39.56,16,100
2026-01-30 15:00:00,Web-Server-01,CPU_usage,41.99,16,100
2026-01-30 15:15:00,Web-Server-01,CPU_usage,40.65,16,100
2026-01-30 15:30:00,Web-Server-01,CPU_usage,39.49,16,100
2026-01-30 15:45:00,Web-Server-01,CPU_usage,40.29,16,100
2026-01-30 16:00:00,Web-Server-01,CPU_usage,40.4,16,100
2026-01-30 16:15:00,Web-Server-01,CPU_usage,40.3,16,100
2026-01-30 16:30:00,Web-Server-01,CPU_usage,39.18,16,100
2026-01-30 16:45:00,Web-Server-01,CPU_usage,40.28,16,100
2026-01-30 17:00:00,Web-Server-01,CPU_usage,40.8,16,100
2026-01-30 17:15:00,Web-Server-01,CPU_usage,41.26,16,100
2026-01-30 17:30:00,Web-Server-01,CPU_usage,39.5,16,100
2026-01-30 17:45:00,Web-Server-01,CPU_usage,40.7,16,100
2026-01-30 18:00:00,Web-Server-01,CPU_usage,40.2,16,100
2026-01-30 18:15:00,Web-Server-01,CPU_usage,38.11,16,100
2026-01-30 18:30:00,Web-Server-01,CPU_usage,39.68,16,100
2026-01-30 18:45:00,Web-Server-01,CPU_usage,41.32,16,100
2026-01-30 19:00:00,Web-Server-01,CPU_usage,39.16,16,100
2026-01-30 19:15:00,Web-Server-01,CPU_usage,40.54,16,100
2026-01-30 19:30:00,Web-Server-01,CPU_usage,40.56,16,100
2026-01-30 19:45:00,Web-Server-01,CPU_usage,38.65,16,100
2026-01-30 20:00:00,Web-Server-01,CPU_usage,41.96,16,100
2026-01-30 20:15:00,Web-Server-01,CPU_usage,39.94,16,100
2026-01-30 20:30:00,Web-Server-01,CPU_usage,39.19,16,100
2026-01-30 20:45:00,Web-Server-01,CPU_usage,41.02,16,100
2026-01-30 21:00:00,Web-Server-01,CPU_usage,40.03,16,100
2026-01-30 21:15:00,Web-Server-01,CPU_usage,39.54,16,100
2026-01-30 21:30:00,Web-Server-01,CPU_usage,41.0,16,100
2026-01-30 21:45:00,Web-Server-01,CPU_usage,39.5,16,100
2026-01-30 22:00:00,Web-Server-01,CPU_usage,41.51,16,100
2026-01-30 22:15:00,Web-Server-01,CPU_usage,41.59,16,100
2026-01-30 22:30:00,Web-Server-01,CPU_usage,40.27,16,100
2026-01-30 22:45:00,Web-Server-01,CPU_usage,39.22,16,100
2026-01-30 23:00:00,Web-Server-01,CPU_usage,40.57,16,100
2026-01-30 23:15:00,Web-Server-01,CPU_usage,40.01,16,100
2026-01-30 23:30:00,Web-Server-01,CPU_usage,40.35,16,100
2026-01-30 23:45:00,Web-Server-01,CPU_usage,40.58,16,100
2026-01-31 00:00:00,Web-Server-01,CPU_usage,38.19,16,100
2026-01-31 00:15:00,Web-Server-01,CPU_usage,41.2,16,100
2026-01-31 00:30:00,Web-Server-01,CPU_usage,40.15,16,100
2026-01-31 00:45:00,Web-Server-01,CPU_usage,37.86,16,100
2026-01-31 01:00:00,Web-Server-01,CPU_usage,38.91,16,100
2026-01-31 01:15:00,Web-Server-01,CPU_usage,40.11,16,100
2026-01-31 01:30:00,Web-Server-01,CPU_usage,40.8,16,100
2026-01-31 01:45:00,Web-Server-01,CPU_usage,39.45,16,100
2026-01-31 02:00:00,Web-Server-01,CPU_usage,41.63,16,100
2026-01-31 02:15:00,Web-Server-01,CPU_usage,39.72,16,100
2026-01-31 02:30:00,Web-Server-01,CPU_usage,40.92,16,100
2026-01-31 02:45:00,Web-Server-01,CPU_usage,39.2,16,100
2026-01-31 03:00:00,Web-Server-01,CPU_usage,41.13,16,100
2026-01-31 03:15:00,Web-Server-01,CPU_usage,39.54,16,100
2026-01-31 03:30:00,Web-Server-01,CPU_usage,39.98,16,100
2026-01-31 03:45:00,Web-Server-01,CPU_usage,39.89,16,100
2026-01-31 04:00:00,Web-Server-01,CPU_usage,39.71,16,100
2026-01-31 04:15:00,Web-Server-01,CPU_usage,40.17,16,100
2026-01-31 04:30:00,Web-Server-01,CPU_usage,40.25,16,100
2026-01-31 04:45:00,Web-Server-01,CPU_usage,41.18,16,100
2026-01-31 05:00:00,Web-Server-01,CPU_usage,39.16,16,100
2026-01-31 05:15:00,Web-Server-01,CPU_usage,40.78,16,100
2026-01-31 05:30:00,Web-Server-01,CPU_usage,39.93,16,100
2026-01-31 05:45:00,Web-Server-01,CPU_usage,39.95,16,100
2026-01-31 06:00:00,Web-Server-01,CPU_usage,40.83,16,100
2026-01-31 06:15:00,Web-Server-01,CPU_usage,39.33,16,100
2026-01-31 06:30:00,Web-Server-01,CPU_usage,39.19,16,100
2026-01-31 06:45:00,Web-Server-01,CPU_usage,39.49,16,100
2026-01-31 07:00:00,Web-Server-01,CPU_usage,40.56,16,100
2026-01-31 07:15:00,Web-Server-01,CPU_usage,38.68,16,100
2026-01-31 07:30:00,Web-Server-01,CPU_usage,39.2,16,100
2026-01-31 07:45:00,Web-Server-01,CPU_usage,39.25,16,100
2026-01-31 08:00:00,Web-Server-01,CPU_usage,40.39,16,100
2026-01-31 08:15:00,Web-Server-01,CPU_usage,39.28,16,100
2026-01-31 08:30:00,Web-Server-01,CPU_usage,39.11,16,100
2026-01-31 08:45:00,Web-Server-01,CPU_usage,41.02,16,100
2026-01-31 09:00:00,Web-Server-01,CPU_usage,41.71,16,100
2026-01-31 09:15:00,Web-Server-01,CPU_usage,39.67,16,100
2026-01-31 09:30:00,Web-Server-01,CPU_usage,38.8,16,100
2026-01-31 09:45:00,Web-Server-01,CPU_usage,40.57,16,100
2026-01-31 10:00:00,Web-Server-01,CPU_usage,40.63,16,100
2026-01-31 10:15:00,Web-Server-01,CPU_usage,39.9,16,100
2026-01-31 10:30:00,Web-Server-01,CPU_usage,41.09,16,100
2026-01-31 10:45:00,Web-Server-01,CPU_usage,40.21,16,100
2026-01-31 11:00:00,Web-Server-01,CPU_usage,39.92,16,100
2026-01-31 11:15:00,Web-Server-01,CPU_usage,41.89,16,100
2026-01-31 11:30:00,Web-Server-01,CPU_usage,39.68,16,100
2026-01-31 11:45:00,Web-Server-01,CPU_usage,39.79,16,100
2026-01-31 12:00:00,Web-Server-01,CPU_usage,39.71,16,100
2026-01-31 12:15:00,Web-Server-01,CPU_usage,39.67,16,100
2026-01-31 12:30:00,Web-Server-01,CPU_usage,39.28,16,100
2026-01-31 12:45:00,Web-Server-01,CPU_usage,40.23,16,100
2026-01-31 13:00:00,Web-Server-01,CPU_usage,37.08,16,100
2026-01-31 13:15:00,Web-Server-01,CPU_usage,40.85,16,100
2026-01-31 13:30:00,Web-Server-01,CPU_usage,40.32,16,100
2026-01-31 13:45:00,Web-Server-01,CPU_usage,40.04,16,100
2026-01-31 14:00:00,Web-Server-01,CPU_usage,38.3,16,100
2026-01-31 14:15:00,Web-Server-01,CPU_usage,39.26,16,100
2026-01-31 14:30:00,Web-Server-01,CPU_usage,40.91,16,100
2026-01-31 14:45:00,Web-Server-01,CPU_usage,40.33,16,100
2026-01-31 15:00:00,Web-Server-01,CPU_usage,39.44,16,100
2026-01-31 15:15:00,Web-Server-01,CPU_usage,41.63,16,100
2026-01-31 15:30:00,Web-Server-01,CPU_usage,40.94,16,100
2026-01-31 15:45:00,Web-Server-01,CPU_usage,38.3,16,100
2026-01-31 16:00:00,Web-Server-01,CPU_usage,41.76,16,100
2026-01-31 16:15:00,Web-Server-01,CPU_usage,38.94,16,100
2026-01-31 16:30:00,Web-Server-01,CPU_usage,41.7,16,100
2026-01-31 16:45:00,Web-Server-01,CPU_usage,38.34,16,100
2026-01-31 17:00:00,Web-Server-01,CPU_usage,37.32,16,100
2026-01-31 17:15:00,Web-Server-01,CPU_usage,40.77,16,100
2026-01-31 17:30:00,Web-Server-01,CPU_usage,39.36,16,100
2026-01-31 17:45:00,Web-Server-01,CPU_usage,40.28,16,100
2026-01-31 18:00:00,Web-Server-01,CPU_usage,40.04,16,100
2026-01-31 18:15:00,Web-Server-01,CPU_usage,40.5,16,100
2026-01-31 18:30:00,Web-Server-01,CPU_usage,40.28,16,100
2026-01-31 18:45:00,Web-Server-01,CPU_usage,40.31,16,100
2026-01-31 19:00:00,Web-Server-01,CPU_usage,38.75,16,100
2026-01-31 19:15:00,Web-Server-01,CPU_usage,38.64,16,100
2026-01-31 19:30:00,Web-Server-01,CPU_usage,40.43,16,100
2026-01-31 19:45:00,Web-Server-01,CPU_usage,42.51,16,100
2026-01-31 20:00:00,Web-Server-01,CPU_usage,41.34,16,100
2026-01-31 20:15:00,Web-Server-01,CPU_usage,38.13,16,100
2026-01-31 20:30:00,Web-Server-01,CPU_usage,40.63,16,100
2026-01-31 20:45:00,Web-Server-01,CPU_usage,39.62,16,100
2026-01-31 21:00:00,Web-Server-01,CPU_usage,39.75,16,100
2026-01-31 21:15:00,Web-Server-01,CPU_usage,41.57,16,100
2026-01-31 21:30:00,Web-Server-01,CPU_usage,41.74,16,100
2026-01-31 21:45:00,Web-Server-01,CPU_usage,41.34,16,100
2026-01-31 22:00:00,Web-Server-01,CPU_usage,40.44,16,100
2026-01-31 22:15:00,Web-Server-01,CPU_usage,38.14,16,100
2026-01-31 22:30:00,Web-Server-01,CPU_usage,40.73,16,100
2026-01-31 22:45:00,Web-Server-01,CPU_usage,40.4,16,100
2026-01-31 23:00:00,Web-Server-01,CPU_usage,40.11,16,100
2026-01-31 23:15:00,Web-Server-01,CPU_usage,39.32,16,100
2026-01-31 23:30:00,Web-Server-01,CPU_usage,41.01,16,100
2026-01-31 23:45:00,Web-Server-01,CPU_usage,40.89,16,100
2026-02-01 00:00:00,Web-Server-01,CPU_usage,39.23,16,100
2026-02-01 00:15:00,Web-Server-01,CPU_usage,41.64,16,100
2026-02-01 00:30:00,Web-Server-01,CPU_usage,41.2,16,100
2026-02-01 00:45:00,Web-Server-01,CPU_usage,38.98,16,100
2026-02-01 01:00:00,Web-Server-01,CPU_usage,40.29,16,100
2026-02-01 01:15:00,Web-Server-01,CPU_usage,39.96,16,100
2026-02-01 01:30:00,Web-Server-01,CPU_usage,40.68,16,100
2026-02-01 01:45:00,Web-Server-01,CPU_usage,39.76,16,100
2026-02-01 02:00:00,Web-Server-01,CPU_usage,40.91,16,100
2026-02-01 02:15:00,Web-Server-01,CPU_usage,40.21,16,100
2026-02-01 02:30:00,Web-Server-01,CPU_usage,39.29,16,100
2026-02-01 02:45:00,Web-Server-01,CPU_usage,42.06,16,100
2026-02-01 03:00:00,Web-Server-01,CPU_usage,39.96,16,100
2026-02-01 03:15:00,Web-Server-01,CPU_usage,37.98,16,100
2026-02-01 03:30:00,Web-Server-01,CPU_usage,39.56,16,100
2026-02-01 03:45:00,Web-Server-01,CPU_usage,41.95,16,100
2026-02-01 04:00:00,Web-Server-01,CPU_usage,40.38,16,100
2026-02-01 04:15:00,Web-Server-01,CPU_usage,41.47,16,100
2026-02-01 04:30:00,Web-Server-01,CPU_usage,38.93,16,100
2026-02-01 04:45:00,Web-Server-01,CPU_usage,40.75,16,100
2026-02-01 05:00:00,Web-Server-01,CPU_usage,40.83,16,100
2026-02-01 05:15:00,Web-Server-01,CPU_usage,40.13,16,100
2026-02-01 05:30:00,Web-Server-01,CPU_usage,40.35,16,100
2026-02-01 05:45:00,Web-Server-01,CPU_usage,41.02,16,100
2026-02-01 06:00:00,Web-Server-01,CPU_usage,38.98,16,100
2026-02-01 06:15:00,Web-Server-01,CPU_usage,40.24,16,100
2026-02-01 06:30:00,Web-Server-01,CPU_usage,40.8,16,100
2026-02-01 06:45:00,Web-Server-01,CPU_usage,40.3,16,100
2026-02-01 07:00:00,Web-Server-01,CPU_usage,39.49,16,100
2026-02-01 07:15:00,Web-Server-01,CPU_usage,38.77,16,100
2026-02-01 07:30:00,Web-Server-01,CPU_usage,40.36,16,100
2026-02-01 07:45:00,Web-Server-01,CPU_usage,41.52,16,100
2026-02-01 08:00:00,Web-Server-01,CPU_usage,36.89,16,100
2026-02-01 08:15:00,Web-Server-01,CPU_usage,40.95,16,100
2026-02-01 08:30:00,Web-Server-01,CPU_usage,39.96,16,100
2026-02-01 08:45:00,Web-Server-01,CPU_usage,40.02,16,100
2026-02-01 09:00:00,Web-Server-01,CPU_usage,39.57,16,100
2026-02-01 09:15:00,Web-Server-01,CPU_usage,40.37,16,100
2026-02-01 09:30:00,Web-Server-01,CPU_usage,40.07,16,100
2026-02-01 09:45:00,Web-Server-01,CPU_usage,41.16,16,100
2026-02-01 10:00:00,Web-Server-01,CPU_usage,40.65,16,100
2026-02-01 10:15:00,Web-Server-01,CPU_usage,39.94,16,100
2026-02-01 10:30:00,Web-Server-01,CPU_usage,40.27,16,100
2026-02-01 10:45:00,Web-Server-01,CPU_usage,39.42,16,100
2026-02-01 11:00:00,Web-Server-01,CPU_usage,41.04,16,100
2026-02-01 11:15:00,Web-Server-01,CPU_usage,40.61,16,100
2026-02-01 11:30:00,Web-Server-01,CPU_usage,41.99,16,100
2026-02-01 11:45:00,Web-Server-01,CPU_usage,40.63,16,100
2026-02-01 12:00:00,Web-Server-01,CPU_usage,39.78,16,100
2026-02-01 12:15:00,Web-Server-01,CPU_usage,39.3,16,100
2026-02-01 12:30:00,Web-Server-01,CPU_usage,40.23,16,100
2026-02-01 12:45:00,Web-Server-01,CPU_usage,38.75,16,100
2026-02-01 13:00:00,Web-Server-01,CPU_usage,39.72,16,100
2026-02-01 13:15:00,Web-Server-01,CPU_usage,41.1,16,100
2026-02-01 13:30:00,Web-Server-01,CPU_usage,39.57,16,100
2026-02-01 13:45:00,Web-Server-01,CPU_usage,39.04,16,100
2026-02-01 14:00:00,Web-Server-01,CPU_usage,39.99,16,100
2026-02-01 14:15:00,Web-Server-01,CPU_usage,39.98,16,100
2026-02-01 14:30:00,Web-Server-01,CPU_usage,40.89,16,100
2026-02-01 14:45:00,Web-Server-01,CPU_usage,39.85,16,100
2026-02-01 15:00:00,Web-Server-01,CPU_usage,39.64,16,100
2026-02-01 15:15:00,Web-Server-01,CPU_usage,39.45,16,100
2026-02-01 15:30:00,Web-Server-01,CPU_usage,39.72,16,100
2026-02-01 15:45:00,Web-Server-01,CPU_usage,39.82,16,100
2026-02-01 16:00:00,Web-Server-01,CPU_usage,41.54,16,100
2026-02-01 16:15:00,Web-Server-01,CPU_usage,38.26,16,100
2026-02-01 16:30:00,Web-Server-01,CPU_usage,40.14,16,100
2026-02-01 16:45:00,Web-Server-01,CPU_usage,39.69,16,100
2026-02-01 17:00:00,Web-Server-01,CPU_usage,40.42,16,100
2026-02-01 17:15:00,Web-Server-01,CPU_usage,39.57,16,100
2026-02-01 17:30:00,Web-Server-01,CPU_usage,40.25,16,100
2026-02-01 17:45:00,Web-Server-01,CPU_usage,41.84,16,100
2026-02-01 18:00:00,Web-Server-01,CPU_usage,40.96,16,100
2026-02-01 18:15:00,Web-Server-01,CPU_usage,39.21,16,100
2026-02-01 18:30:00,Web-Server-01,CPU_usage,39.14,16,100
2026-02-01 18:45:00,Web-Server-01,CPU_usage,40.51,16,100
2026-02-01 19:00:00,Web-Server-01,CPU_usage,41.33,16,100
2026-02-01 19:15:00,Web-Server-01,CPU_usage,38.71,16,100
2026-02-01 19:30:00,Web-Server-01,CPU_usage,40.58,16,100
2026-02-01 19:45:00,Web-Server-01,CPU_usage,39.69,16,100
2026-02-01 20:00:00,Web-Server-01,CPU_usage,41.38,16,100
2026-02-01 20:15:00,Web-Server-01,CPU_usage,40.1,16,100
2026-02-01 20:30:00,Web-Server-01,CPU_usage,41.1,16,100
2026-02-01 20:45:00,Web-Server-01,CPU_usage,38.62,16,100
2026-02-01 21:00:00,Web-Server-01,CPU_usage,41.19,16,100
2026-02-01 21:15:00,Web-Server-01,CPU_usage,39.11,16,100
2026-02-01 21:30:00,Web-Server-01,CPU_usage,40.3,16,100
2026-02-01 21:45:00,Web-Server-01,CPU_usage,42.83,16,100
2026-02-01 22:00:00,Web-Server-01,CPU_usage,38.49,16,100
2026-02-01 22:15:00,Web-Server-01,CPU_usage,40.01,16,100
2026-02-01 22:30:00,Web-Server-01,CPU_usage,38.76,16,100
2026-02-01 22:45:00,Web-Server-01,CPU_usage,38.8,16,100
2026-02-01 23:00:00,Web-Server-01,CPU_usage,39.21,16,100
2026-02-01 23:15:00,Web-Server-01,CPU_usage,40.99,16,100
2026-02-01 23:30:00,Web-Server-01,CPU_usage,40.67,16,100
2026-02-01 23:45:00,Web-Server-01,CPU_usage,38.79,16,100
2026-02-02 00:00:00,Web-Server-01,CPU_usage,40.53,16,100
2026-02-02 00:15:00,Web-Server-01,CPU_usage,40.6,16,100
2026-02-02 00:30:00,Web-Server-01,CPU_usage,40.07,16,100
2026-02-02 00:45:00,Web-Server-01,CPU_usage,41.29,16,100
2026-02-02 01:00:00,Web-Server-01,CPU_usage,39.79,16,100
2026-02-02 01:15:00,Web-Server-01,CPU_usage,40.72,16,100
2026-02-02 01:30:00,Web-Server-01,CPU_usage,40.14,16,100
2026-02-02 01:45:00,Web-Server-01,CPU_usage,38.97,16,100
2026-02-02 02:00:00,Web-Server-01,CPU_usage,38.36,16,100
2026-02-02 02:15:00,Web-Server-01,CPU_usage,39.55,16,100
2026-02-02 02:30:00,Web-Server-01,CPU_usage,40.62,16,100
2026-02-02 02:45:00,Web-Server-01,CPU_usage,39.39,16,100
2026-02-02 03:00:00,Web-Server-01,CPU_usage,39.81,16,100
2026-02-02 03:15:00,Web-Server-01,CPU_usage,40.26,16,100
2026-02-02 03:30:00,Web-Server-01,CPU_usage,39.99,16,100
2026-02-02 03:45:00,Web-Server-01,CPU_usage,39.87,16,100
2026-02-02 04:00:00,Web-Server-01,CPU_usage,40.63,16,100
2026-02-02 04:15:00,Web-Server-01,CPU_usage,40.44,16,100
2026-02-02 04:30:00,Web-Server-01,CPU_usage,39.08,16,100
2026-02-02 04:45:00,Web-Server-01,CPU_usage,41.15,16,100
2026-02-02 05:00:00,Web-Server-01,CPU_usage,40.37,16,100
2026-02-02 05:15:00,Web-Server-01,CPU_usage,41.07,16,100
2026-02-02 05:30:00,Web-Server-01,CPU_usage,38.1,16,100
2026-02-02 05:45:00,Web-Server-01,CPU_usage,40.17,16,100
2026-02-02 06:00:00,Web-Server-01,CPU_usage,40.78,16,100
2026-02-02 06:15:00,Web-Server-01,CPU_usage,40.62,16,100
2026-02-02 06:30:00,Web-Server-01,CPU_usage,40.39,16,100
2026-02-02 06:45:00,Web-Server-01,CPU_usage,39.63,16,100
2026-02-02 07:00:00,Web-Server-01,CPU_usage,39.02,16,100
2026-02-02 07:15:00,Web-Server-01,CPU_usage,39.21,16,100
2026-02-02 07:30:00,Web-Server-01,CPU_usage,39.38,16,100
2026-02-02 07:45:00,Web-Server-01,CPU_usage,40.29,16,100
2026-02-02 08:00:00,Web-Server-01,CPU_usage,40.95,16,100
2026-02-02 08:15:00,Web-Server-01,CPU_usage,40.73,16,100
2026-02-02 08:30:00,Web-Server-01,CPU_usage,39.94,16,100
2026-02-02 08:45:00,Web-Server-01,CPU_usage,40.51,16,100
2026-02-02 09:00:00,Web-Server-01,CPU_usage,39.99,16,100
2026-02-02 09:15:00,Web-Server-01,CPU_usage,41.29,16,100
2026-02-02 09:30:00,Web-Server-01,CPU_usage,40.61,16,100
2026-02-02 09:45:00,Web-Server-01,CPU_usage,38.78,16,100
2026-02-02 10:00:00,Web-Server-01,CPU_usage,39.51,16,100
2026-02-02 10:15:00,Web-Server-01,CPU_usage,39.14,16,100
2026-02-02 10:30:00,Web-Server-01,CPU_usage,39.64,16,100
2026-02-02 10:45:00,Web-Server-01,CPU_usage,40.0,16,100
2026-02-02 11:00:00,Web-Server-01,CPU_usage,64.3,16,100
2026-02-02 11:15:00,Web-Server-01,CPU_usage,65.64,16,100
2026-02-02 11:30:00,Web-Server-01,CPU_usage,64.16,16,100
2026-02-02 11:45:00,Web-Server-01,CPU_usage,66.5,16,100
2026-02-02 12:00:00,Web-Server-01,CPU_usage,83.69,16,100
2026-02-02 12:15:00,Web-Server-01,CPU_usage,82.55,16,100
2026-02-02 12:30:00,Web-Server-01,CPU_usage,84.08,16,100
2026-02-02 12:45:00,Web-Server-01,CPU_usage,85.63,16,100
2026-02-02 13:00:00,Web-Server-01,CPU_usage,90.8,16,100
2026-02-02 13:15:00,Web-Server-01,CPU_usage,90.35,16,100
2026-02-02 13:30:00,Web-Server-01,CPU_usage,88.1,16,100
2026-02-02 13:45:00,Web-Server-01,CPU_usage,90.05,16,100
2026-02-02 14:00:00,Web-Server-01,CPU_usage,85.23,16,100
2026-02-02 14:15:00,Web-Server-01,CPU_usage,85.79,16,100
2026-02-02 14:30:00,Web-Server-01,CPU_usage,83.82,16,100
2026-02-02 14:45:00,Web-Server-01,CPU_usage,83.24,16,100
2026-02-02 15:00:00,Web-Server-01,CPU_usage,63.64,16,100
2026-02-02 15:15:00,Web-Server-01,CPU_usage,64.59,16,100
2026-02-02 15:30:00,Web-Server-01,CPU_usage,66.64,16,100
2026-02-02 15:45:00,Web-Server-01,CPU_usage,65.04,16,100
2026-02-02 16:00:00,Web-Server-01,CPU_usage,39.55,16,100
2026-02-02 16:15:00,Web-Server-01,CPU_usage,40.2,16,100
2026-02-02 16:30:00,Web-Server-01,CPU_usage,40.9,16,100
2026-02-02 16:45:00,Web-Server-01,CPU_usage,40.93,16,100
2026-02-02 17:00:00,Web-Server-01,CPU_usage,39.57,16,100
2026-02-02 17:15:00,Web-Server-01,CPU_usage,41.94,16,100
2026-02-02 17:30:00,Web-Server-01,CPU_usage,40.13,16,100
2026-02-02 17:45:00,Web-Server-01,CPU_usage,41.28,16,100
2026-02-02 18:00:00,Web-Server-01,CPU_usage,39.6,16,100
2026-02-02 18:15:00,Web-Server-01,CPU_usage,40.77,16,100
2026-02-02 18:30:00,Web-Server-01,CPU_usage,41.73,16,100
2026-02-02 18:45:00,Web-Server-01,CPU_usage,41.03,16,100
2026-02-02 19:00:00,Web-Server-01,CPU_usage,40.86,16,100
2026-02-02 19:15:00,Web-Server-01,CPU_usage,40.76,16,100
2026-02-02 19:30:00,Web-Server-01,CPU_usage,40.22,16,100
2026-02-02 19:45:00,Web-Server-01,CPU_usage,40.3,16,100
2026-02-02 20:00:00,Web-Server-01,CPU_usage,40.1,16,100
2026-02-02 20:15:00,Web-Server-01,CPU_usage,40.65,16,100
2026-02-02 20:30:00,Web-Server-01,CPU_usage,41.41,16,100
2026-02-02 20:45:00,Web-Server-01,CPU_usage,41.01,16,100
2026-02-02 21:00:00,Web-Server-01,CPU_usage,41.28,16,100
2026-02-02 21:15:00,Web-Server-01,CPU_usage,40.12,16,100
2026-02-02 21:30:00,Web-Server-01,CPU_usage,39.91,16,100
2026-02-02 21:45:00,Web-Server-01,CPU_usage,40.65,16,100
2026-02-02 22:00:00,Web-Server-01,CPU_usage,41.59,16,100
2026-02-02 22:15:00,Web-Server-01,CPU_usage,40.5,16,100
2026-02-02 22:30:00,Web-Server-01,CPU_usage,41.15,16,100
2026-02-02 22:45:00,Web-Server-01,CPU_usage,38.4,16,100
2026-02-02 23:00:00,Web-Server-01,CPU_usage,39.98,16,100
2026-02-02 23:15:00,Web-Server-01,CPU_usage,39.55,16,100
2026-02-02 23:30:00,Web-Server-01,CPU_usage,39.31,16,100
2026-02-02 23:45:00,Web-Server-01,CPU_usage,41.77,16,100
2026-02-03 00:00:00,Web-Server-01,CPU_usage,37.51,16,100
2026-02-03 00:15:00,Web-Server-01,CPU_usage,40.22,16,100
2026-02-03 00:30:00,Web-Server-01,CPU_usage,41.04,16,100
2026-02-03 00:45:00,Web-Server-01,CPU_usage,39.96,16,100
2026-02-03 01:00:00,Web-Server-01,CPU_usage,40.15,16,100
2026-02-03 01:15:00,Web-Server-01,CPU_usage,37.83,16,100
2026-02-03 01:30:00,Web-Server-01,CPU_usage,40.72,16,100
2026-02-03 01:45:00,Web-Server-01,CPU_usage,38.84,16,100
2026-02-03 02:00:00,Web-Server-01,CPU_usage,41.15,16,100
2026-02-03 02:15:00,Web-Server-01,CPU_usage,40.03,16,100
2026-02-03 02:30:00,Web-Server-01,CPU_usage,40.35,16,100
2026-02-03 02:45:00,Web-Server-01,CPU_usage,40.6,16,100
2026-02-03 03:00:00,Web-Server-01,CPU_usage,41.0,16,100
2026-02-03 03:15:00,Web-Server-01,CPU_usage,39.3,16,100
2026-02-03 03:30:00,Web-Server-01,CPU_usage,38.74,16,100
2026-02-03 03:45:00,Web-Server-01,CPU_usage,40.85,16,100
2026-02-03 04:00:00,Web-Server-01,CPU_usage,41.01,16,100
2026-02-03 04:15:00,Web-Server-01,CPU_usage,41.77,16,100
2026-02-03 04:30:00,Web-Server-01,CPU_usage,40.44,16,100
2026-02-03 04:45:00,Web-Server-01,CPU_usage,39.46,16,100
2026-02-03 05:00:00,Web-Server-01,CPU_usage,40.66,16,100
2026-02-03 05:15:00,Web-Server-01,CPU_usage,41.37,16,100
2026-02-03 05:30:00,Web-Server-01,CPU_usage,38.23,16,100
2026-02-03 05:45:00,Web-Server-01,CPU_usage,39.12,16,100
2026-02-03 06:00:00,Web-Server-01,CPU_usage,42.01,16,100
2026-02-03 06:15:00,Web-Server-01,CPU_usage,38.17,16,100
2026-02-03 06:30:00,Web-Server-01,CPU_usage,41.02,16,100
2026-02-03 06:45:00,Web-Server-01,CPU_usage,39.67,16,100
2026-02-03 07:00:00,Web-Server-01,CPU_usage,39.5,16,100
2026-02-03 07:15:00,Web-Server-01,CPU_usage,39.46,16,100
2026-02-03 07:30:00,Web-Server-01,CPU_usage,39.05,16,100
2026-02-03 07:45:00,Web-Server-01,CPU_usage,41.53,16,100
2026-02-03 08:00:00,Web-Server-01,CPU_usage,40.24,16,100
2026-02-03 08:15:00,Web-Server-01,CPU_usage,40.95,16,100
2026-02-03 08:30:00,Web-Server-01,CPU_usage,40.64,16,100
2026-02-03 08:45:00,Web-Server-01,CPU_usage,39.09,16,100
2026-02-03 09:00:00,Web-Server-01,CPU_usage,40.36,16,100
2026-02-03 09:15:00,Web-Server-01,CPU_usage,39.72,16,100
2026-02-03 09:30:00,Web-Server-01,CPU_usage,38.49,16,100
2026-02-03 09:45:00,Web-Server-01,CPU_usage,39.05,16,100
2026-02-03 10:00:00,Web-Server-01,CPU_usage,38.85,16,100
2026-02-03 10:15:00,Web-Server-01,CPU_usage,39.74,16,100
2026-02-03 10:30:00,Web-Server-01,CPU_usage,40.16,16,100
2026-02-03 10:45:00,Web-Server-01,CPU_usage,40.52,16,100
2026-02-03 11:00:00,Web-Server-01,CPU_usage,40.1,16,100
2026-02-03 11:15:00,Web-Server-01,CPU_usage,39.49,16,100
2026-02-03 11:30:00,Web-Server-01,CPU_usage,40.02,16,100
2026-02-03 11:45:00,Web-Server-01,CPU_usage,38.68,16,100
2026-02-03 12:00:00,Web-Server-01,CPU_usage,39.24,16,100
2026-02-03 12:15:00,Web-Server-01,CPU_usage,40.01,16,100
2026-02-03 12:30:00,Web-Server-01,CPU_usage,38.75,16,100
2026-02-03 12:45:00,Web-Server-01,CPU_usage,38.87,16,100
2026-02-03 13:00:00,Web-Server-01,CPU_usage,38.99,16,100
2026-02-03 13:15:00,Web-Server-01,CPU_usage,38.9,16,100
2026-02-03 13:30:00,Web-Server-01,CPU_usage,41.08,16,100
2026-02-03 13:45:00,Web-Server-01,CPU_usage,39.68,16,100
2026-02-03 14:00:00,Web-Server-01,CPU_usage,40.04,16,100
2026-02-03 14:15:00,Web-Server-01,CPU_usage,40.67,16,100
2026-02-03 14:30:00,Web-Server-01,CPU_usage,41.76,16,100
2026-02-03 14:45:00,Web-Server-01,CPU_usage,39.6,16,100
2026-02-03 15:00:00,Web-Server-01,CPU_usage,41.6,16,100
2026-02-03 15:15:00,Web-Server-01,CPU_usage,39.09,16,100
2026-02-03 15:30:00,Web-Server-01,CPU_usage,39.68,16,100
2026-02-03 15:45:00,Web-Server-01,CPU_usage,40.21,16,100
2026-02-03 16:00:00,Web-Server-01,CPU_usage,40.97,16,100
2026-02-03 16:15:00,Web-Server-01,CPU_usage,40.64,16,100
2026-02-03 16:30:00,Web-Server-01,CPU_usage,39.72,16,100
2026-02-03 16:45:00,Web-Server-01,CPU_usage,41.15,16,100
2026-02-03 17:00:00,Web-Server-01,CPU_usage,41.05,16,100
2026-02-03 17:15:00,Web-Server-01,CPU_usage,40.33,16,100
2026-02-03 17:30:00,Web-Server-01,CPU_usage,41.63,16,100
2026-02-03 17:45:00,Web-Server-01,CPU_usage,40.61,16,100
2026-02-03 18:00:00,Web-Server-01,CPU_usage,40.15,16,100
2026-02-03 18:15:00,Web-Server-01,CPU_usage,40.23,16,100
2026-02-03 18:30:00,Web-Server-01,CPU_usage,39.83,16,100
2026-02-03 18:45:00,Web-Server-01,CPU_usage,39.61,16,100
2026-02-03 19:00:00,Web-Server-01,CPU_usage,39.25,16,100
2026-02-03 19:15:00,Web-Server-01,CPU_usage,39.92,16,100
2026-02-03 19:30:00,Web-Server-01,CPU_usage,39.52,16,100
2026-02-03 19:45:00,Web-Server-01,CPU_usage,39.72,16,100
2026-02-03 20:00:00,Web-Server-01,CPU_usage,40.97,16,100
2026-02-03 20:15:00,Web-Server-01,CPU_usage,39.66,16,100
2026-02-03 20:30:00,Web-Server-01,CPU_usage,40.01,16,100
2026-02-03 20:45:00,Web-Server-01,CPU_usage,40.32,16,100
2026-02-03 21:00:00,Web-Server-01,CPU_usage,39.52,16,100
2026-02-03 21:15:00,Web-Server-01,CPU_usage,39.52,16,100
2026-02-03 21:30:00,Web-Server-01,CPU_usage,41.14,16,100
2026-02-03 21:45:00,Web-Server-01,CPU_usage,40.19,16,100
2026-02-03 22:00:00,Web-Server-01,CPU_usage,37.58,16,100
2026-02-03 22:15:00,Web-Server-01,CPU_usage,38.26,16,100
2026-02-03 22:30:00,Web-Server-01,CPU_usage,39.74,16,100
2026-02-03 22:45:00,Web-Server-01,CPU_usage,40.18,16,100
2026-02-03 23:00:00,Web-Server-01,CPU_usage,40.32,16,100
2026-02-03 23:15:00,Web-Server-01,CPU_usage,41.53,16,100
2026-02-03 23:30:00,Web-Server-01,CPU_usage,40.8,16,100
2026-02-03 23:45:00,Web-Server-01,CPU_usage,39.47,16,100
2026-02-04 00:00:00,Web-Server-01,CPU_usage,40.89,16,100
2026-02-04 00:15:00,Web-Server-01,CPU_usage,41.15,16,100
2026-02-04 00:30:00,Web-Server-01,CPU_usage,40.72,16,100
2026-02-04 00:45:00,Web-Server-01,CPU_usage,38.09,16,100
2026-02-04 01:00:00,Web-Server-01,CPU_usage,36.88,16,100
2026-02-04 01:15:00,Web-Server-01,CPU_usage,38.89,16,100
2026-02-04 01:30:00,Web-Server-01,CPU_usage,39.77,16,100
2026-02-04 01:45:00,Web-Server-01,CPU_usage,40.83,16,100
2026-02-04 02:00:00,Web-Server-01,CPU_usage,39.39,16,100
2026-02-04 02:15:00,Web-Server-01,CPU_usage,40.77,16,100
2026-02-04 02:30:00,Web-Server-01,CPU_usage,38.98,16,100
2026-02-04 02:45:00,Web-Server-01,CPU_usage,39.81,16,100
2026-02-04 03:00:00,Web-Server-01,CPU_usage,40.23,16,100
2026-02-04 03:15:00,Web-Server-01,CPU_usage,38.11,16,100
2026-02-04 03:30:00,Web-Server-01,CPU_usage,40.88,16,100
2026-02-04 03:45:00,Web-Server-01,CPU_usage,41.08,16,100
2026-02-04 04:00:00,Web-Server-01,CPU_usage,39.03,16,100
2026-02-04 04:15:00,Web-Server-01,CPU_usage,38.84,16,100
2026-02-04 04:30:00,Web-Server-01,CPU_usage,40.16,16,100
2026-02-04 04:45:00,Web-Server-01,CPU_usage,40.07,16,100
2026-02-04 05:00:00,Web-Server-01,CPU_usage,40.15,16,100
2026-02-04 05:15:00,Web-Server-01,CPU_usage,40.11,16,100
2026-02-04 05:30:00,Web-Server-01,CPU_usage,38.57,16,100
2026-02-04 05:45:00,Web-Server-01,CPU_usage,38.89,16,100
2026-02-04 06:00:00,Web-Server-01,CPU_usage,39.65,16,100
2026-02-04 06:15:00,Web-Server-01,CPU_usage,40.02,16,100
2026-02-04 06:30:00,Web-Server-01,CPU_usage,39.79,16,100
2026-02-04 06:45:00,Web-Server-01,CPU_usage,39.36,16,100
2026-02-04 07:00:00,Web-Server-01,CPU_usage,40.66,16,100
2026-02-04 07:15:00,Web-Server-01,CPU_usage,39.74,16,100
2026-02-04 07:30:00,Web-Server-01,CPU_usage,40.49,16,100
2026-02-04 07:45:00,Web-Server-01,CPU_usage,40.36,16,100
2026-02-04 08:00:00,Web-Server-01,CPU_usage,40.88,16,100
2026-02-04 08:15:00,Web-Server-01,CPU_usage,40.19,16,100
2026-02-04 08:30:00,Web-Server-01,CPU_usage,41.64,16,100
2026-02-04 08:45:00,Web-Server-01,CPU_usage,40.63,16,100
2026-02-04 09:00:00,Web-Server-01,CPU_usage,41.52,16,100
2026-02-04 09:15:00,Web-Server-01,CPU_usage,41.24,16,100
2026-02-04 09:30:00,Web-Server-01,CPU_usage,38.69,16,100
2026-02-04 09:45:00,Web-Server-01,CPU_usage,39.33,16,100
2026-02-04 10:00:00,Web-Server-01,CPU_usage,41.03,16,100
2026-02-04 10:15:00,Web-Server-01,CPU_usage,40.37,16,100
2026-02-04 10:30:00,Web-Server-01,CPU_usage,40.22,16,100
2026-02-04 10:45:00,Web-Server-01,CPU_usage,40.52,16,100
2026-02-04 11:00:00,Web-Server-01,CPU_usage,40.69,16,100
2026-02-04 11:15:00,Web-Server-01,CPU_usage,39.38,16,100
2026-02-04 11:30:00,Web-Server-01,CPU_usage,39.38,16,100
2026-02-04 11:45:00,Web-Server-01,CPU_usage,40.89,16,100
2026-02-04 12:00:00,Web-Server-01,CPU_usage,40.66,16,100
2026-02-04 12:15:00,Web-Server-01,CPU_usage,41.57,16,100
2026-02-04 12:30:00,Web-Server-01,CPU_usage,41.15,16,100
2026-02-04 12:45:00,Web-Server-01,CPU_usage,41.52,16,100
2026-02-04 13:00:00,Web-Server-01,CPU_usage,41.43,16,100
2026-02-04 13:15:00,Web-Server-01,CPU_usage,40.1,16,100
2026-02-04 13:30:00,Web-Server-01,CPU_usage,40.24,16,100
2026-02-04 13:45:00,Web-Server-01,CPU_usage,40.63,16,100
2026-02-04 14:00:00,Web-Server-01,CPU_usage,41.78,16,100
2026-02-04 14:15:00,Web-Server-01,CPU_usage,40.45,16,100
2026-02-04 14:30:00,Web-Server-01,CPU_usage,37.79,16,100
2026-02-04 14:45:00,Web-Server-01,CPU_usage,39.75,16,100
2026-02-04 15:00:00,Web-Server-01,CPU_usage,40.6,16,100
2026-02-04 15:15:00,Web-Server-01,CPU_usage,39.88,16,100
2026-02-04 15:30:00,Web-Server-01,CPU_usage,39.51,16,100
2026-02-04 15:45:00,Web-Server-01,CPU_usage,38.82,16,100
2026-02-04 16:00:00,Web-Server-01,CPU_usage,39.51,16,100
2026-02-04 16:15:00,Web-Server-01,CPU_usage,39.39,16,100
2026-02-04 16:30:00,Web-Server-01,CPU_usage,41.5,16,100
2026-02-04 16:45:00,Web-Server-01,CPU_usage,38.88,16,100
2026-02-04 17:00:00,Web-Server-01,CPU_usage,39.74,16,100
2026-02-04 17:15:00,Web-Server-01,CPU_usage,39.91,16,100
2026-02-04 17:30:00,Web-Server-01,CPU_usage,40.12,16,100
2026-02-04 17:45:00,Web-Server-01,CPU_usage,38.42,16,100
2026-02-04 18:00:00,Web-Server-01,CPU_usage,40.65,16,100
2026-02-04 18:15:00,Web-Server-01,CPU_usage,41.91,16,100
2026-02-04 18:30:00,Web-Server-01,CPU_usage,39.81,16,100
2026-02-04 18:45:00,Web-Server-01,CPU_usage,39.79,16,100
2026-02-04 19:00:00,Web-Server-01,CPU_usage,38.54,16,100
2026-02-04 19:15:00,Web-Server-01,CPU_usage,39.44,16,100
2026-02-04 19:30:00,Web-Server-01,CPU_usage,39.15,16,100
2026-02-04 19:45:00,Web-Server-01,CPU_usage,38.86,16,100
2026-02-04 20:00:00,Web-Server-01,CPU_usage,42.64,16,100
2026-02-04 20:15:00,Web-Server-01,CPU_usage,41.53,16,100
2026-02-04 20:30:00,Web-Server-01,CPU_usage,40.94,16,100
2026-02-04 20:45:00,Web-Server-01,CPU_usage,39.62,16,100
2026-02-04 21:00:00,Web-Server-01,CPU_usage,39.98,16,100
2026-02-04 21:15:00,Web-Server-01,CPU_usage,38.62,16,100
2026-02-04 21:30:00,Web-Server-01,CPU_usage,41.08,16,100
2026-02-04 21:45:00,Web-Server-01,CPU_usage,38.79,16,100
2026-02-04 22:00:00,Web-Server-01,CPU_usage,39.44,16,100
2026-02-04 22:15:00,Web-Server-01,CPU_usage,42.24,16,100
2026-02-04 22:30:00,Web-Server-01,CPU_usage,41.72,16,100
2026-02-04 22:45:00,Web-Server-01,CPU_usage,41.69,16,100
2026-02-04 23:00:00,Web-Server-01,CPU_usage,39.68,16,100
2026-02-04 23:15:00,Web-Server-01,CPU_usage,40.48,16,100
2026-02-04 23:30:00,Web-Server-01,CPU_usage,40.36,16,100
2026-02-04 23:45:00,Web-Server-01,CPU_usage,40.27,16,100
2026-02-05 00:00:00,Web-Server-01,CPU_usage,40.8,16,100
2026-02-05 00:15:00,Web-Server-01,CPU_usage,40.14,16,100
2026-02-05 00:30:00,Web-Server-01,CPU_usage,39.56,16,100
2026-02-05 00:45:00,Web-Server-01,CPU_usage,41.88,16,100
2026-02-05 01:00:00,Web-Server-01,CPU_usage,38.63,16,100
2026-02-05 01:15:00,Web-Server-01,CPU_usage,39.73,16,100
2026-02-05 01:30:00,Web-Server-01,CPU_usage,37.84,16,100
2026-02-05 01:45:00,Web-Server-01,CPU_usage,39.39,16,100
2026-02-05 02:00:00,Web-Server-01,CPU_usage,40.71,16,100
2026-02-05 02:15:00,Web-Server-01,CPU_usage,40.01,16,100
2026-02-05 02:30:00,Web-Server-01,CPU_usage,40.9,16,100
2026-02-05 02:45:00,Web-Server-01,CPU_usage,40.96,16,100
2026-02-05 03:00:00,Web-Server-01,CPU_usage,41.62,16,100
2026-02-05 03:15:00,Web-Server-01,CPU_usage,38.88,16,100
2026-02-05 03:30:00,Web-Server-01,CPU_usage,40.01,16,100
2026-02-05 03:45:00,Web-Server-01,CPU_usage,39.33,16,100
2026-02-05 04:00:00,Web-Server-01,CPU_usage,39.58,16,100
2026-02-05 04:15:00,Web-Server-01,CPU_usage,41.61,16,100
2026-02-05 04:30:00,Web-Server-01,CPU_usage,39.61,16,100
2026-02-05 04:45:00,Web-Server-01,CPU_usage,40.43,16,100
2026-02-05 05:00:00,Web-Server-01,CPU_usage,39.65,16,100
2026-02-05 05:15:00,Web-Server-01,CPU_usage,41.91,16,100
2026-02-05 05:30:00,Web-Server-01,CPU_usage,39.68,16,100
2026-02-05 05:45:00,Web-Server-01,CPU_usage,40.73,16,100
2026-02-05 06:00:00,Web-Server-01,CPU_usage,39.07,16,100
2026-02-05 06:15:00,Web-Server-01,CPU_usage,39.6,16,100
2026-02-05 06:30:00,Web-Server-01,CPU_usage,40.86,16,100
2026-02-05 06:45:00,Web-Server-01,CPU_usage,40.15,16,100
2026-02-05 07:00:00,Web-Server-01,CPU_usage,39.96,16,100
2026-02-05 07:15:00,Web-Server-01,CPU_usage,39.19,16,100
2026-02-05 07:30:00,Web-Server-01,CPU_usage,37.83,16,100
2026-02-05 07:45:00,Web-Server-01,CPU_usage,41.24,16,100
2026-02-05 08:00:00,Web-Server-01,CPU_usage,39.97,16,100
2026-02-05 08:15:00,Web-Server-01,CPU_usage,40.6,16,100
2026-02-05 08:30:00,Web-Server-01,CPU_usage,39.21,16,100
2026-02-05 08:45:00,Web-Server-01,CPU_usage,40.05,16,100
2026-02-05 09:00:00,Web-Server-01,CPU_usage,39.48,16,100
2026-02-05 09:15:00,Web-Server-01,CPU_usage,39.59,16,100
2026-02-05 09:30:00,Web-Server-01,CPU_usage,41.18,16,100
2026-02-05 09:45:00,Web-Server-01,CPU_usage,40.41,16,100
2026-02-05 10:00:00,Web-Server-01,CPU_usage,37.26,16,100
2026-02-05 10:15:00,Web-Server-01,CPU_usage,40.59,16,100
2026-02-05 10:30:00,Web-Server-01,CPU_usage,39.59,16,100
2026-02-05 10:45:00,Web-Server-01,CPU_usage,39.54,16,100
2026-02-05 11:00:00,Web-Server-01,CPU_usage,65.74,16,100
2026-02-05 11:15:00,Web-Server-01,CPU_usage,63.86,16,100
2026-02-05 11:30:00,Web-Server-01,CPU_usage,66.7,16,100
2026-02-05 11:45:00,Web-Server-01,CPU_usage,64.83,16,100
2026-02-05 12:00:00,Web-Server-01,CPU_usage,83.31,16,100
2026-02-05 12:15:00,Web-Server-01,CPU_usage,83.47,16,100
2026-02-05 12:30:00,Web-Server-01,CPU_usage,82.4,16,100
2026-02-05 12:45:00,Web-Server-01,CPU_usage,84.22,16,100
2026-02-05 13:00:00,Web-Server-01,CPU_usage,89.63,16,100
2026-02-05 13:15:00,Web-Server-01,CPU_usage,90.07,16,100
2026-02-05 13:30:00,Web-Server-01,CPU_usage,90.56,16,100
2026-02-05 13:45:00,Web-Server-01,CPU_usage,90.85,16,100
2026-02-05 14:00:00,Web-Server-01,CPU_usage,83.48,16,100
2026-02-05 14:15:00,Web-Server-01,CPU_usage,83.21,16,100
2026-02-05 14:30:00,Web-Server-01,CPU_usage,83.37,16,100
2026-02-05 14:45:00,Web-Server-01,CPU_usage,84.53,16,100
2026-02-05 15:00:00,Web-Server-01,CPU_usage,65.29,16,100
2026-02-05 15:15:00,Web-Server-01,CPU_usage,63.41,16,100
2026-02-05 15:30:00,Web-Server-01,CPU_usage,65.67,16,100
2026-02-05 15:45:00,Web-Server-01,CPU_usage,65.98,16,100
2026-02-05 16:00:00,Web-Server-01,CPU_usage,40.71,16,100
2026-02-05 16:15:00,Web-Server-01,CPU_usage,38.54,16,100
2026-02-05 16:30:00,Web-Server-01,CPU_usage,40.02,16,100
2026-02-05 16:45:00,Web-Server-01,CPU_usage,40.29,16,100
2026-02-05 17:00:00,Web-Server-01,CPU_usage,39.69,16,100
2026-02-05 17:15:00,Web-Server-01,CPU_usage,38.42,16,100
2026-02-05 17:30:00,Web-Server-01,CPU_usage,39.86,16,100
2026-02-05 17:45:00,Web-Server-01,CPU_usage,41.33,16,100
2026-02-05 18:00:00,Web-Server-01,CPU_usage,40.09,16,100
2026-02-05 18:15:00,Web-Server-01,CPU_usage,38.59,16,100
2026-02-05 18:30:00,Web-Server-01,CPU_usage,39.26,16,100
2026-02-05 18:45:00,Web-Server-01,CPU_usage,40.29,16,100
2026-02-05 19:00:00,Web-Server-01,CPU_usage,40.94,16,100
2026-02-05 19:15:00,Web-Server-01,CPU_usage,39.89,16,100
2026-02-05 19:30:00,Web-Server-01,CPU_usage,40.89,16,100
2026-02-05 19:45:00,Web-Server-01,CPU_usage,40.09,16,100
2026-02-05 20:00:00,Web-Server-01,CPU_usage,39.57,16,100
2026-02-05 20:15:00,Web-Server-01,CPU_usage,39.36,16,100
2026-02-05 20:30:00,Web-Server-01,CPU_usage,38.81,16,100
2026-02-05 20:45:00,Web-Server-01,CPU_usage,41.62,16,100
2026-02-05 21:00:00,Web-Server-01,CPU_usage,40.54,16,100
2026-02-05 21:15:00,Web-Server-01,CPU_usage,40.77,16,100
2026-02-05 21:30:00,Web-Server-01,CPU_usage,40.51,16,100
2026-02-05 21:45:00,Web-Server-01,CPU_usage,37.92,16,100
2026-02-05 22:00:00,Web-Server-01,CPU_usage,40.09,16,100
2026-02-05 22:15:00,Web-Server-01,CPU_usage,38.6,16,100
2026-02-05 22:30:00,Web-Server-01,CPU_usage,41.13,16,100
2026-02-05 22:45:00,Web-Server-01,CPU_usage,40.43,16,100
2026-02-05 23:00:00,Web-Server-01,CPU_usage,41.59,16,100
2026-02-05 23:15:00,Web-Server-01,CPU_usage,38.97,16,100
2026-02-05 23:30:00,Web-Server-01,CPU_usage,39.83,16,100
2026-02-05 23:45:00,Web-Server-01,CPU_usage,39.54,16,100
2026-02-06 00:00:00,Web-Server-01,CPU_usage,38.02,16,100
2026-02-06 00:15:00,Web-Server-01,CPU_usage,38.91,16,100
2026-02-06 00:30:00,Web-Server-01,CPU_usage,39.81,16,100
2026-02-06 00:45:00,Web-Server-01,CPU_usage,39.63,16,100
2026-02-06 01:00:00,Web-Server-01,CPU_usage,41.78,16,100
2026-02-06 01:15:00,Web-Server-01,CPU_usage,40.71,16,100
2026-02-06 01:30:00,Web-Server-01,CPU_usage,41.45,16,100
2026-02-06 01:45:00,Web-Server-01,CPU_usage,39.45,16,100
2026-02-06 02:00:00,Web-Server-01,CPU_usage,39.97,16,100
2026-02-06 02:15:00,Web-Server-01,CPU_usage,39.57,16,100
2026-02-06 02:30:00,Web-Server-01,CPU_usage,41.08,16,100
2026-02-06 02:45:00,Web-Server-01,CPU_usage,40.17,16,100
2026-02-06 03:00:00,Web-Server-01,CPU_usage,40.69,16,100
2026-02-06 03:15:00,Web-Server-01,CPU_usage,39.02,16,100
2026-02-06 03:30:00,Web-Server-01,CPU_usage,40.25,16,100
2026-02-06 03:45:00,Web-Server-01,CPU_usage,38.99,16,100
2026-02-06 04:00:00,Web-Server-01,CPU_usage,41.55,16,100
2026-02-06 04:15:00,Web-Server-01,CPU_usage,40.42,16,100
2026-02-06 04:30:00,Web-Server-01,CPU_usage,40.13,16,100
2026-02-06 04:45:00,Web-Server-01,CPU_usage,39.84,16,100
2026-02-06 05:00:00,Web-Server-01,CPU_usage,39.38,16,100
2026-02-06 05:15:00,Web-Server-01,CPU_usage,38.25,16,100
2026-02-06 05:30:00,Web-Server-01,CPU_usage,41.54,16,100
2026-02-06 05:45:00,Web-Server-01,CPU_usage,39.71,16,100
2026-02-06 06:00:00,Web-Server-01,CPU_usage,40.27,16,100
2026-02-06 06:15:00,Web-Server-01,CPU_usage,40.07,16,100
2026-02-06 06:30:00,Web-Server-01,CPU_usage,38.93,16,100
2026-02-06 06:45:00,Web-Server-01,CPU_usage,40.63,16,100
2026-02-06 07:00:00,Web-Server-01,CPU_usage,40.47,16,100
2026-02-06 07:15:00,Web-Server-01,CPU_usage,39.43,16,100
2026-02-06 07:30:00,Web-Server-01,CPU_usage,39.55,16,100
2026-02-06 07:45:00,Web-Server-01,CPU_usage,39.14,16,100
2026-02-06 08:00:00,Web-Server-01,CPU_usage,39.51,16,100
2026-02-06 08:15:00,Web-Server-01,CPU_usage,41.38,16,100
2026-02-06 08:30:00,Web-Server-01,CPU_usage,39.7,16,100
2026-02-06 08:45:00,Web-Server-01,CPU_usage,39.38,16,100
2026-02-06 09:00:00,Web-Server-01,CPU_usage,39.42,16,100
2026-02-06 09:15:00,Web-Server-01,CPU_usage,40.89,16,100
2026-02-06 09:30:00,Web-Server-01,CPU_usage,40.51,16,100
2026-02-06 09:45:00,Web-Server-01,CPU_usage,40.03,16,100
2026-02-06 10:00:00,Web-Server-01,CPU_usage,39.09,16,100
2026-02-06 10:15:00,Web-Server-01,CPU_usage,39.21,16,100
2026-02-06 10:30:00,Web-Server-01,CPU_usage,39.92,16,100
2026-02-06 10:45:00,Web-Server-01,CPU_usage,39.99,16,100
2026-02-06 11:00:00,Web-Server-01,CPU_usage,41.28,16,100
2026-02-06 11:15:00,Web-Server-01,CPU_usage,40.9,16,100
2026-02-06 11:30:00,Web-Server-01,CPU_usage,40.31,16,100
2026-02-06 11:45:00,Web-Server-01,CPU_usage,39.87,16,100
2026-02-06 12:00:00,Web-Server-01,CPU_usage,39.38,16,100
2026-02-06 12:15:00,Web-Server-01,CPU_usage,40.21,16,100
2026-02-06 12:30:00,Web-Server-01,CPU_usage,39.29,16,100
2026-02-06 12:45:00,Web-Server-01,CPU_usage,41.51,16,100
2026-02-06 13:00:00,Web-Server-01,CPU_usage,38.78,16,100
2026-02-06 13:15:00,Web-Server-01,CPU_usage,37.19,16,100
2026-02-06 13:30:00,Web-Server-01,CPU_usage,40.02,16,100
2026-02-06 13:45:00,Web-Server-01,CPU_usage,39.0,16,100
2026-02-06 14:00:00,Web-Server-01,CPU_usage,39.59,16,100
2026-02-06 14:15:00,Web-Server-01,CPU_usage,38.91,16,100
2026-02-06 14:30:00,Web-Server-01,CPU_usage,38.67,16,100
2026-02-06 14:45:00,Web-Server-01,CPU_usage,40.96,16,100
2026-02-06 15:00:00,Web-Server-01,CPU_usage,41.19,16,100
2026-02-06 15:15:00,Web-Server-01,CPU_usage,39.29,16,100
2026-02-06 15:30:00,Web-Server-01,CPU_usage,43.16,16,100
2026-02-06 15:45:00,Web-Server-01,CPU_usage,42.44,16,100
2026-02-06 16:00:00,Web-Server-01,CPU_usage,38.99,16,100
2026-02-06 16:15:00,Web-Server-01,CPU_usage,40.64,16,100
2026-02-06 16:30:00,Web-Server-01,CPU_usage,39.14,16,100
2026-02-06 16:45:00,Web-Server-01,CPU_usage,39.93,16,100
2026-02-06 17:00:00,Web-Server-01,CPU_usage,39.92,16,100
2026-02-06 17:15:00,Web-Server-01,CPU_usage,40.76,16,100
2026-02-06 17:30:00,Web-Server-01,CPU_usage,38.32,16,100
2026-02-06 17:45:00,Web-Server-01,CPU_usage,39.23,16,100
2026-02-06 18:00:00,Web-Server-01,CPU_usage,40.5,16,100
2026-02-06 18:15:00,Web-Server-01,CPU_usage,40.71,16,100
2026-02-06 18:30:00,Web-Server-01,CPU_usage,39.76,16,100
2026-02-06 18:45:00,Web-Server-01,CPU_usage,41.13,16,100
2026-02-06 19:00:00,Web-Server-01,CPU_usage,39.64,16,100
2026-02-06 19:15:00,Web-Server-01,CPU_usage,39.24,16,100
2026-02-06 19:30:00,Web-Server-01,CPU_usage,40.52,16,100
2026-02-06 19:45:00,Web-Server-01,CPU_usage,40.35,16,100
2026-02-06 20:00:00,Web-Server-01,CPU_usage,40.33,16,100
2026-02-06 20:15:00,Web-Server-01,CPU_usage,39.15,16,100
2026-02-06 20:30:00,Web-Server-01,CPU_usage,39.71,16,100
2026-02-06 20:45:00,Web-Server-01,CPU_usage,40.2,16,100
2026-02-06 21:00:00,Web-Server-01,CPU_usage,39.3,16,100
2026-02-06 21:15:00,Web-Server-01,CPU_usage,40.39,16,100
2026-02-06 21:30:00,Web-Server-01,CPU_usage,39.57,16,100
2026-02-06 21:45:00,Web-Server-01,CPU_usage,39.08,16,100
2026-02-06 22:00:00,Web-Server-01,CPU_usage,42.18,16,100
2026-02-06 22:15:00,Web-Server-01,CPU_usage,42.11,16,100
2026-02-06 22:30:00,Web-Server-01,CPU_usage,37.81,16,100
2026-02-06 22:45:00,Web-Server-01,CPU_usage,40.15,16,100
2026-02-06 23:00:00,Web-Server-01,CPU_usage,41.19,16,100
2026-02-06 23:15:00,Web-Server-01,CPU_usage,41.32,16,100
2026-02-06 23:30:00,Web-Server-01,CPU_usage,39.14,16,100
2026-02-06 23:45:00,Web-Server-01,CPU_usage,38.82,16,100
2026-02-07 00:00:00,Web-Server-01,CPU_usage,40.11,16,100
2026-02-07 00:15:00,Web-Server-01,CPU_usage,38.99,16,100
2026-02-07 00:30:00,Web-Server-01,CPU_usage,39.38,16,100
2026-02-07 00:45:00,Web-Server-01,CPU_usage,39.72,16,100
2026-02-07 01:00:00,Web-Server-01,CPU_usage,40.05,16,100
2026-02-07 01:15:00,Web-Server-01,CPU_usage,38.07,16,100
2026-02-07 01:30:00,Web-Server-01,CPU_usage,38.02,16,100
2026-02-07 01:45:00,Web-Server-01,CPU_usage,39.11,16,100
2026-02-07 02:00:00,Web-Server-01,CPU_usage,39.78,16,100
2026-02-07 02:15:00,Web-Server-01,CPU_usage,40.68,16,100
2026-02-07 02:30:00,Web-Server-01,CPU_usage,39.2,16,100
2026-02-07 02:45:00,Web-Server-01,CPU_usage,40.99,16,100
2026-02-07 03:00:00,Web-Server-01,CPU_usage,41.16,16,100
2026-02-07 03:15:00,Web-Server-01,CPU_usage,39.16,16,100
2026-02-07 03:30:00,Web-Server-01,CPU_usage,40.33,16,100
2026-02-07 03:45:00,Web-Server-01,CPU_usage,40.61,16,100
2026-02-07 04:00:00,Web-Server-01,CPU_usage,39.19,16,100
2026-02-07 04:15:00,Web-Server-01,CPU_usage,41.24,16,100
2026-02-07 04:30:00,Web-Server-01,CPU_usage,41.34,16,100
2026-02-07 04:45:00,Web-Server-01,CPU_usage,38.84,16,100
2026-02-07 05:00:00,Web-Server-01,CPU_usage,39.59,16,100
2026-02-07 05:15:00,Web-Server-01,CPU_usage,40.39,16,100
2026-02-07 05:30:00,Web-Server-01,CPU_usage,40.07,16,100
2026-02-07 05:45:00,Web-Server-01,CPU_usage,40.45,16,100
2026-02-07 06:00:00,Web-Server-01,CPU_usage,41.07,16,100
2026-02-07 06:15:00,Web-Server-01,CPU_usage,39.65,16,100
2026-02-07 06:30:00,Web-Server-01,CPU_usage,39.78,16,100
2026-02-07 06:45:00,Web-Server-01,CPU_usage,39.46,16,100
2026-02-07 07:00:00,Web-Server-01,CPU_usage,40.7,16,100
2026-02-07 07:15:00,Web-Server-01,CPU_usage,41.4,16,100
2026-02-07 07:30:00,Web-Server-01,CPU_usage,39.77,16,100
2026-02-07 07:45:00,Web-Server-01,CPU_usage,39.32,16,100
2026-02-07 08:00:00,Web-Server-01,CPU_usage,39.87,16,100
2026-02-07 08:15:00,Web-Server-01,CPU_usage,38.91,16,100
2026-02-07 08:30:00,Web-Server-01,CPU_usage,41.2,16,100
2026-02-07 08:45:00,Web-Server-01,CPU_usage,40.61,16,100
2026-02-07 09:00:00,Web-Server-01,CPU_usage,39.78,16,100
2026-02-07 09:15:00,Web-Server-01,CPU_usage,39.23,16,100
2026-02-07 09:30:00,Web-Server-01,CPU_usage,40.38,16,100
2026-02-07 09:45:00,Web-Server-01,CPU_usage,41.16,16,100
2026-02-07 10:00:00,Web-Server-01,CPU_usage,39.61,16,100
2026-02-07 10:15:00,Web-Server-01,CPU_usage,38.97,16,100
2026-02-07 10:30:00,Web-Server-01,CPU_usage,40.61,16,100
2026-02-07 10:45:00,Web-Server-01,CPU_usage,40.47,16,100
2026-02-07 11:00:00,Web-Server-01,CPU_usage,38.14,16,100
2026-02-07 11:15:00,Web-Server-01,CPU_usage,40.29,16,100
2026-02-07 11:30:00,Web-Server-01,CPU_usage,39.65,16,100
2026-02-07 11:45:00,Web-Server-01,CPU_usage,38.04,16,100
2026-02-07 12:00:00,Web-Server-01,CPU_usage,38.43,16,100
2026-02-07 12:15:00,Web-Server-01,CPU_usage,39.4,16,100
2026-02-07 12:30:00,Web-Server-01,CPU_usage,40.8,16,100
2026-02-07 12:45:00,Web-Server-01,CPU_usage,40.02,16,100
2026-02-07 13:00:00,Web-Server-01,CPU_usage,41.21,16,100
2026-02-07 13:15:00,Web-Server-01,CPU_usage,40.92,16,100
2026-02-07 13:30:00,Web-Server-01,CPU_usage,39.75,16,100
2026-02-07 13:45:00,Web-Server-01,CPU_usage,40.05,16,100
2026-02-07 14:00:00,Web-Server-01,CPU_usage,39.03,16,100
2026-02-07 14:15:00,Web-Server-01,CPU_usage,39.86,16,100
2026-02-07 14:30:00,Web-Server-01,CPU_usage,39.83,16,100
2026-02-07 14:45:00,Web-Server-01,CPU_usage,39.22,16,100
2026-02-07 15:00:00,Web-Server-01,CPU_usage,40.65,16,100
2026-02-07 15:15:00,Web-Server-01,CPU_usage,40.79,16,100
2026-02-07 15:30:00,Web-Server-01,CPU_usage,40.18,16,100
2026-02-07 15:45:00,Web-Server-01,CPU_usage,40.67,16,100
2026-02-07 16:00:00,Web-Server-01,CPU_usage,40.74,16,100
2026-02-07 16:15:00,Web-Server-01,CPU_usage,39.53,16,100
2026-02-07 16:30:00,Web-Server-01,CPU_usage,38.92,16,100
2026-02-07 16:45:00,Web-Server-01,CPU_usage,39.81,16,100
2026-02-07 17:00:00,Web-Server-01,CPU_usage,40.42,16,100
2026-02-07 17:15:00,Web-Server-01,CPU_usage,39.3,16,100
2026-02-07 17:30:00,Web-Server-01,CPU_usage,40.05,16,100
2026-02-07 17:45:00,Web-Server-01,CPU_usage,39.98,16,100
2026-02-07 18:00:00,Web-Server-01,CPU_usage,38.13,16,100
2026-02-07 18:15:00,Web-Server-01,CPU_usage,39.72,16,100
2026-02-07 18:30:00,Web-Server-01,CPU_usage,40.14,16,100
2026-02-07 18:45:00,Web-Server-01,CPU_usage,39.71,16,100
2026-02-07 19:00:00,Web-Server-01,CPU_usage,39.61,16,100
2026-02-07 19:15:00,Web-Server-01,CPU_usage,39.42,16,100
2026-02-07 19:30:00,Web-Server-01,CPU_usage,42.61,16,100
2026-02-07 19:45:00,Web-Server-01,CPU_usage,39.1,16,100
2026-02-07 20:00:00,Web-Server-01,CPU_usage,37.89,16,100
2026-02-07 20:15:00,Web-Server-01,CPU_usage,40.34,16,100
2026-02-07 20:30:00,Web-Server-01,CPU_usage,40.61,16,100
2026-02-07 20:45:00,Web-Server-01,CPU_usage,38.78,16,100
2026-02-07 21:00:00,Web-Server-01,CPU_usage,39.54,16,100
2026-02-07 21:15:00,Web-Server-01,CPU_usage,39.74,16,100
2026-02-07 21:30:00,Web-Server-01,CPU_usage,38.74,16,100
2026-02-07 21:45:00,Web-Server-01,CPU_usage,39.77,16,100
2026-02-07 22:00:00,Web-Server-01,CPU_usage,40.07,16,100
2026-02-07 22:15:00,Web-Server-01,CPU_usage,39.65,16,100
2026-02-07 22:30:00,Web-Server-01,CPU_usage,40.26,16,100
2026-02-07 22:45:00,Web-Server-01,CPU_usage,38.99,16,100
2026-02-07 23:00:00,Web-Server-01,CPU_usage,41.33,16,100
2026-02-07 23:15:00,Web-Server-01,CPU_usage,39.81,16,100
2026-02-07 23:30:00,Web-Server-01,CPU_usage,39.83,16,100
2026-02-07 23:45:00,Web-Server-01,CPU_usage,39.17,16,100
2026-02-08 00:00:00,Web-Server-01,CPU_usage,40.25,16,100
2026-02-08 00:15:00,Web-Server-01,CPU_usage,40.0,16,100
2026-02-08 00:30:00,Web-Server-01,CPU_usage,41.26,16,100
2026-02-08 00:45:00,Web-Server-01,CPU_usage,38.23,16,100
2026-02-08 01:00:00,Web-Server-01,CPU_usage,39.82,16,100
2026-02-08 01:15:00,Web-Server-01,CPU_usage,40.48,16,100
2026-02-08 01:30:00,Web-Server-01,CPU_usage,40.41,16,100
2026-02-08 01:45:00,Web-Server-01,CPU_usage,39.22,16,100
2026-02-08 02:00:00,Web-Server-01,CPU_usage,39.12,16,100
2026-02-08 02:15:00,Web-Server-01,CPU_usage,37.63,16,100
2026-02-08 02:30:00,Web-Server-01,CPU_usage,40.4,16,100
2026-02-08 02:45:00,Web-Server-01,CPU_usage,38.94,16,100
2026-02-08 03:00:00,Web-Server-01,CPU_usage,40.94,16,100
2026-02-08 03:15:00,Web-Server-01,CPU_usage,39.96,16,100
2026-02-08 03:30:00,Web-Server-01,CPU_usage,40.42,16,100
2026-02-08 03:45:00,Web-Server-01,CPU_usage,41.38,16,100
2026-02-08 04:00:00,Web-Server-01,CPU_usage,37.93,16,100
2026-02-08 04:15:00,Web-Server-01,CPU_usage,41.33,16,100
2026-02-08 04:30:00,Web-Server-01,CPU_usage,40.28,16,100
2026-02-08 04:45:00,Web-Server-01,CPU_usage,39.45,16,100
2026-02-08 05:00:00,Web-Server-01,CPU_usage,40.52,16,100
2026-02-08 05:15:00,Web-Server-01,CPU_usage,41.39,16,100
2026-02-08 05:30:00,Web-Server-01,CPU_usage,39.02,16,100
2026-02-08 05:45:00,Web-Server-01,CPU_usage,40.18,16,100
2026-02-08 06:00:00,Web-Server-01,CPU_usage,38.85,16,100
2026-02-08 06:15:00,Web-Server-01,CPU_usage,40.1,16,100
2026-02-08 06:30:00,Web-Server-01,CPU_usage,42.02,16,100
2026-02-08 06:45:00,Web-Server-01,CPU_usage,40.98,16,100
2026-02-08 07:00:00,Web-Server-01,CPU_usage,40.23,16,100
2026-02-08 07:15:00,Web-Server-01,CPU_usage,41.3,16,100
2026-02-08 07:30:00,Web-Server-01,CPU_usage,40.35,16,100
2026-02-08 07:45:00,Web-Server-01,CPU_usage,39.14,16,100
2026-02-08 08:00:00,Web-Server-01,CPU_usage,38.56,16,100
2026-02-08 08:15:00,Web-Server-01,CPU_usage,39.35,16,100
2026-02-08 08:30:00,Web-Server-01,CPU_usage,39.34,16,100
2026-02-08 08:45:00,Web-Server-01,CPU_usage,42.22,16,100
2026-02-08 09:00:00,Web-Server-01,CPU_usage,40.23,16,100
2026-02-08 09:15:00,Web-Server-01,CPU_usage,40.01,16,100
2026-02-08 09:30:00,Web-Server-01,CPU_usage,40.61,16,100
2026-02-08 09:45:00,Web-Server-01,CPU_usage,40.54,16,100
2026-02-08 10:00:00,Web-Server-01,CPU_usage,40.39,16,100
2026-02-08 10:15:00,Web-Server-01,CPU_usage,39.33,16,100
2026-02-08 10:30:00,Web-Server-01,CPU_usage,40.71,16,100
2026-02-08 10:45:00,Web-Server-01,CPU_usage,40.51,16,100
2026-02-08 11:00:00,Web-Server-01,CPU_usage,41.93,16,100
2026-02-08 11:15:00,Web-Server-01,CPU_usage,39.79,16,100
2026-02-08 11:30:00,Web-Server-01,CPU_usage,39.55,16,100
2026-02-08 11:45:00,Web-Server-01,CPU_usage,40.24,16,100
2026-02-08 12:00:00,Web-Server-01,CPU_usage,40.13,16,100
2026-02-08 12:15:00,Web-Server-01,CPU_usage,40.08,16,100
2026-02-08 12:30:00,Web-Server-01,CPU_usage,40.95,16,100
2026-02-08 12:45:00,Web-Server-01,CPU_usage,43.26,16,100
2026-02-08 13:00:00,Web-Server-01,CPU_usage,40.35,16,100
2026-02-08 13:15:00,Web-Server-01,CPU_usage,41.99,16,100
2026-02-08 13:30:00,Web-Server-01,CPU_usage,39.42,16,100
2026-02-08 13:45:00,Web-Server-01,CPU_usage,40.85,16,100
2026-02-08 14:00:00,Web-Server-01,CPU_usage,39.73,16,100
2026-02-08 14:15:00,Web-Server-01,CPU_usage,40.67,16,100
2026-02-08 14:30:00,Web-Server-01,CPU_usage,42.18,16,100
2026-02-08 14:45:00,Web-Server-01,CPU_usage,40.48,16,100
2026-02-08 15:00:00,Web-Server-01,CPU_usage,40.35,16,100
2026-02-08 15:15:00,Web-Server-01,CPU_usage,40.07,16,100
2026-02-08 15:30:00,Web-Server-01,CPU_usage,40.37,16,100
2026-02-08 15:45:00,Web-Server-01,CPU_usage,39.38,16,100
2026-02-08 16:00:00,Web-Server-01,CPU_usage,39.43,16,100
2026-02-08 16:15:00,Web-Server-01,CPU_usage,38.93,16,100
2026-02-08 16:30:00,Web-Server-01,CPU_usage,38.92,16,100
2026-02-08 16:45:00,Web-Server-01,CPU_usage,38.51,16,100
2026-02-08 17:00:00,Web-Server-01,CPU_usage,41.18,16,100
2026-02-08 17:15:00,Web-Server-01,CPU_usage,38.98,16,100
2026-02-08 17:30:00,Web-Server-01,CPU_usage,38.89,16,100
2026-02-08 17:45:00,Web-Server-01,CPU_usage,41.81,16,100
2026-02-08 18:00:00,Web-Server-01,CPU_usage,38.26,16,100
2026-02-08 18:15:00,Web-Server-01,CPU_usage,39.07,16,100
2026-02-08 18:30:00,Web-Server-01,CPU_usage,41.53,16,100
2026-02-08 18:45:00,Web-Server-01,CPU_usage,39.67,16,100
2026-02-08 19:00:00,Web-Server-01,CPU_usage,40.58,16,100
2026-02-08 19:15:00,Web-Server-01,CPU_usage,41.03,16,100
2026-02-08 19:30:00,Web-Server-01,CPU_usage,40.13,16,100
2026-02-08 19:45:00,Web-Server-01,CPU_usage,38.24,16,100
2026-02-08 20:00:00,Web-Server-01,CPU_usage,41.09,16,100
2026-02-08 20:15:00,Web-Server-01,CPU_usage,40.0,16,100
2026-02-08 20:30:00,Web-Server-01,CPU_usage,39.11,16,100
2026-02-08 20:45:00,Web-Server-01,CPU_usage,39.56,16,100
2026-02-08 21:00:00,Web-Server-01,CPU_usage,38.4,16,100
2026-02-08 21:15:00,Web-Server-01,CPU_usage,38.97,16,100
2026-02-08 21:30:00,Web-Server-01,CPU_usage,39.76,16,100
2026-02-08 21:45:00,Web-Server-01,CPU_usage,40.84,16,100
2026-02-08 22:00:00,Web-Server-01,CPU_usage,40.45,16,100
2026-02-08 22:15:00,Web-Server-01,CPU_usage,39.22,16,100
2026-02-08 22:30:00,Web-Server-01,CPU_usage,39.68,16,100
2026-02-08 22:45:00,Web-Server-01,CPU_usage,40.31,16,100
2026-02-08 23:00:00,Web-Server-01,CPU_usage,39.08,16,100
2026-02-08 23:15:00,Web-Server-01,CPU_usage,37.24,16,100
2026-02-08 23:30:00,Web-Server-01,CPU_usage,39.4,16,100
2026-02-08 23:45:00,Web-Server-01,CPU_usage,39.55,16,100
2026-02-09 00:00:00,Web-Server-01,CPU_usage,40.16,16,100
2026-02-09 00:15:00,Web-Server-01,CPU_usage,39.03,16,100
2026-02-09 00:30:00,Web-Server-01,CPU_usage,42.14,16,100
2026-02-09 00:45:00,Web-Server-01,CPU_usage,40.62,16,100
2026-02-09 01:00:00,Web-Server-01,CPU_usage,38.83,16,100
2026-02-09 01:15:00,Web-Server-01,CPU_usage,40.55,16,100
2026-02-09 01:30:00,Web-Server-01,CPU_usage,39.04,16,100
2026-02-09 01:45:00,Web-Server-01,CPU_usage,39.79,16,100
2026-02-09 02:00:00,Web-Server-01,CPU_usage,39.11,16,100
2026-02-09 02:15:00,Web-Server-01,CPU_usage,38.95,16,100
2026-02-09 02:30:00,Web-Server-01,CPU_usage,40.23,16,100
2026-02-09 02:45:00,Web-Server-01,CPU_usage,39.06,16,100
2026-02-09 03:00:00,Web-Server-01,CPU_usage,40.15,16,100
2026-02-09 03:15:00,Web-Server-01,CPU_usage,39.69,16,100
2026-02-09 03:30:00,Web-Server-01,CPU_usage,42.86,16,100
2026-02-09 03:45:00,Web-Server-01,CPU_usage,38.52,16,100
2026-02-09 04:00:00,Web-Server-01,CPU_usage,39.09,16,100
2026-02-09 04:15:00,Web-Server-01,CPU_usage,38.99,16,100
2026-02-09 04:30:00,Web-Server-01,CPU_usage,39.55,16,100
2026-02-09 04:45:00,Web-Server-01,CPU_usage,40.95,16,100
2026-02-09 05:00:00,Web-Server-01,CPU_usage,38.02,16,100
2026-02-09 05:15:00,Web-Server-01,CPU_usage,42.24,16,100
2026-02-09 05:30:00,Web-Server-01,CPU_usage,40.77,16,100
2026-02-09 05:45:00,Web-Server-01,CPU_usage,40.15,16,100
2026-02-09 06:00:00,Web-Server-01,CPU_usage,39.66,16,100
2026-02-09 06:15:00,Web-Server-01,CPU_usage,42.64,16,100
2026-02-09 06:30:00,Web-Server-01,CPU_usage,39.73,16,100
2026-02-09 06:45:00,Web-Server-01,CPU_usage,40.3,16,100
2026-02-09 07:00:00,Web-Server-01,CPU_usage,39.94,16,100
2026-02-09 07:15:00,Web-Server-01,CPU_usage,40.69,16,100
2026-02-09 07:30:00,Web-Server-01,CPU_usage,40.01,16,100
2026-02-09 07:45:00,Web-Server-01,CPU_usage,39.71,16,100
2026-02-09 08:00:00,Web-Server-01,CPU_usage,38.49,16,100
2026-02-09 08:15:00,Web-Server-01,CPU_usage,40.93,16,100
2026-02-09 08:30:00,Web-Server-01,CPU_usage,38.64,16,100
2026-02-09 08:45:00,Web-Server-01,CPU_usage,38.54,16,100
2026-02-09 09:00:00,Web-Server-01,CPU_usage,40.74,16,100
2026-02-09 09:15:00,Web-Server-01,CPU_usage,40.74,16,100
2026-02-09 09:30:00,Web-Server-01,CPU_usage,40.13,16,100
2026-02-09 09:45:00,Web-Server-01,CPU_usage,39.37,16,100
2026-02-09 10:00:00,Web-Server-01,CPU_usage,39.79,16,100
2026-02-09 10:15:00,Web-Server-01,CPU_usage,38.56,16,100
2026-02-09 10:30:00,Web-Server-01,CPU_usage,40.53,16,100
2026-02-09 10:45:00,Web-Server-01,CPU_usage,39.44,16,100
2026-02-09 11:00:00,Web-Server-01,CPU_usage,64.18,16,100
2026-02-09 11:15:00,Web-Server-01,CPU_usage,65.31,16,100
2026-02-09 11:30:00,Web-Server-01,CPU_usage,64.31,16,100
2026-02-09 11:45:00,Web-Server-01,CPU_usage,64.25,16,100
2026-02-09 12:00:00,Web-Server-01,CPU_usage,83.48,16,100
2026-02-09 12:15:00,Web-Server-01,CPU_usage,82.6,16,100
2026-02-09 12:30:00,Web-Server-01,CPU_usage,81.86,16,100
2026-02-09 12:45:00,Web-Server-01,CPU_usage,85.79,16,100
2026-02-09 13:00:00,Web-Server-01,CPU_usage,87.06,16,100
2026-02-09 13:15:00,Web-Server-01,CPU_usage,87.9,16,100
2026-02-09 13:30:00,Web-Server-01,CPU_usage,90.39,16,100
2026-02-09 13:45:00,Web-Server-01,CPU_usage,90.88,16,100
2026-02-09 14:00:00,Web-Server-01,CPU_usage,83.12,16,100
2026-02-09 14:15:00,Web-Server-01,CPU_usage,82.38,16,100
2026-02-09 14:30:00,Web-Server-01,CPU_usage,83.71,16,100
2026-02-09 14:45:00,Web-Server-01,CPU_usage,82.87,16,100
2026-02-09 15:00:00,Web-Server-01,CPU_usage,65.34,16,100
2026-02-09 15:15:00,Web-Server-01,CPU_usage,64.48,16,100
2026-02-09 15:30:00,Web-Server-01,CPU_usage,64.99,16,100
2026-02-09 15:45:00,Web-Server-01,CPU_usage,66.11,16,100
2026-02-09 16:00:00,Web-Server-01,CPU_usage,37.59,16,100
2026-02-09 16:15:00,Web-Server-01,CPU_usage,40.6,16,100
2026-02-09 16:30:00,Web-Server-01,CPU_usage,38.08,16,100
2026-02-09 16:45:00,Web-Server-01,CPU_usage,41.08,16,100
2026-02-09 17:00:00,Web-Server-01,CPU_usage,38.66,16,100
2026-02-09 17:15:00,Web-Server-01,CPU_usage,41.42,16,100
2026-02-09 17:30:00,Web-Server-01,CPU_usage,40.67,16,100
2026-02-09 17:45:00,Web-Server-01,CPU_usage,39.86,16,100
2026-02-09 18:00:00,Web-Server-01,CPU_usage,39.31,16,100
2026-02-09 18:15:00,Web-Server-01,CPU_usage,39.13,16,100
2026-02-09 18:30:00,Web-Server-01,CPU_usage,41.32,16,100
2026-02-09 18:45:00,Web-Server-01,CPU_usage,39.95,16,100
2026-02-09 19:00:00,Web-Server-01,CPU_usage,39.93,16,100
2026-02-09 19:15:00,Web-Server-01,CPU_usage,41.21,16,100
2026-02-09 19:30:00,Web-Server-01,CPU_usage,38.56,16,100
2026-02-09 19:45:00,Web-Server-01,CPU_usage,40.74,16,100
2026-02-09 20:00:00,Web-Server-01,CPU_usage,38.29,16,100
2026-02-09 20:15:00,Web-Server-01,CPU_usage,39.95,16,100
2026-02-09 20:30:00,Web-Server-01,CPU_usage,39.92,16,100
2026-02-09 20:45:00,Web-Server-01,CPU_usage,38.79,16,100
2026-02-09 21:00:00,Web-Server-01,CPU_usage,38.88,16,100
2026-02-09 21:15:00,Web-Server-01,CPU_usage,40.2,16,100
2026-02-09 21:30:00,Web-Server-01,CPU_usage,40.93,16,100
2026-02-09 21:45:00,Web-Server-01,CPU_usage,39.88,16,100
2026-02-09 22:00:00,Web-Server-01,CPU_usage,39.67,16,100
2026-02-09 22:15:00,Web-Server-01,CPU_usage,40.28,16,100
2026-02-09 22:30:00,Web-Server-01,CPU_usage,39.88,16,100
2026-02-09 22:45:00,Web-Server-01,CPU_usage,40.57,16,100
2026-02-09 23:00:00,Web-Server-01,CPU_usage,40.91,16,100
2026-02-09 23:15:00,Web-Server-01,CPU_usage,39.13,16,100
2026-02-09 23:30:00,Web-Server-01,CPU_usage,38.95,16,100
2026-02-09 23:45:00,Web-Server-01,CPU_usage,37.8,16,100
2026-02-10 00:00:00,Web-Server-01,CPU_usage,41.15,16,100
2026-02-10 00:15:00,Web-Server-01,CPU_usage,40.42,16,100
2026-02-10 00:30:00,Web-Server-01,CPU_usage,40.23,16,100
2026-02-10 00:45:00,Web-Server-01,CPU_usage,39.82,16,100
2026-02-10 01:00:00,Web-Server-01,CPU_usage,40.04,16,100
2026-02-10 01:15:00,Web-Server-01,CPU_usage,39.32,16,100
2026-02-10 01:30:00,Web-Server-01,CPU_usage,39.63,16,100
2026-02-10 01:45:00,Web-Server-01,CPU_usage,40.47,16,100
2026-02-10 02:00:00,Web-Server-01,CPU_usage,40.41,16,100
2026-02-10 02:15:00,Web-Server-01,CPU_usage,41.33,16,100
2026-02-10 02:30:00,Web-Server-01,CPU_usage,40.72,16,100
2026-02-10 02:45:00,Web-Server-01,CPU_usage,39.89,16,100
2026-02-10 03:00:00,Web-Server-01,CPU_usage,39.63,16,100
2026-02-10 03:15:00,Web-Server-01,CPU_usage,41.16,16,100
2026-02-10 03:30:00,Web-Server-01,CPU_usage,40.09,16,100
2026-02-10 03:45:00,Web-Server-01,CPU_usage,41.24,16,100
2026-02-10 04:00:00,Web-Server-01,CPU_usage,39.29,16,100
2026-02-10 04:15:00,Web-Server-01,CPU_usage,41.18,16,100
2026-02-10 04:30:00,Web-Server-01,CPU_usage,39.6,16,100
2026-02-10 04:45:00,Web-Server-01,CPU_usage,40.63,16,100
2026-02-10 05:00:00,Web-Server-01,CPU_usage,41.23,16,100
2026-02-10 05:15:00,Web-Server-01,CPU_usage,39.53,16,100
2026-02-10 05:30:00,Web-Server-01,CPU_usage,39.54,16,100
2026-02-10 05:45:00,Web-Server-01,CPU_usage,38.82,16,100
2026-02-10 06:00:00,Web-Server-01,CPU_usage,38.19,16,100
2026-02-10 06:15:00,Web-Server-01,CPU_usage,40.57,16,100
2026-02-10 06:30:00,Web-Server-01,CPU_usage,37.28,16,100
2026-02-10 06:45:00,Web-Server-01,CPU_usage,38.06,16,100
2026-02-10 07:00:00,Web-Server-01,CPU_usage,40.85,16,100
2026-02-10 07:15:00,Web-Server-01,CPU_usage,39.11,16,100
2026-02-10 07:30:00,Web-Server-01,CPU_usage,39.64,16,100
2026-02-10 07:45:00,Web-Server-01,CPU_usage,42.73,16,100
2026-02-10 08:00:00,Web-Server-01,CPU_usage,39.23,16,100
2026-02-10 08:15:00,Web-Server-01,CPU_usage,39.79,16,100
2026-02-10 08:30:00,Web-Server-01,CPU_usage,38.77,16,100
2026-02-10 08:45:00,Web-Server-01,CPU_usage,40.79,16,100
2026-02-10 09:00:00,Web-Server-01,CPU_usage,40.9,16,100
2026-02-10 09:15:00,Web-Server-01,CPU_usage,41.33,16,100
2026-02-10 09:30:00,Web-Server-01,CPU_usage,37.66,16,100
2026-02-10 09:45:00,Web-Server-01,CPU_usage,39.78,16,100
2026-02-10 10:00:00,Web-Server-01,CPU_usage,39.53,16,100
2026-02-10 10:15:00,Web-Server-01,CPU_usage,39.06,16,100
2026-02-10 10:30:00,Web-Server-01,CPU_usage,39.75,16,100
2026-02-10 10:45:00,Web-Server-01,CPU_usage,39.12,16,100
2026-02-10 11:00:00,Web-Server-01,CPU_usage,40.74,16,100
2026-02-10 11:15:00,Web-Server-01,CPU_usage,40.91,16,100
2026-02-10 11:30:00,Web-Server-01,CPU_usage,39.28,16,100
2026-02-10 11:45:00,Web-Server-01,CPU_usage,40.32,16,100
2026-02-10 12:00:00,Web-Server-01,CPU_usage,38.85,16,100
2026-02-10 12:15:00,Web-Server-01,CPU_usage,40.58,16,100
2026-02-10 12:30:00,Web-Server-01,CPU_usage,39.63,16,100
2026-02-10 12:45:00,Web-Server-01,CPU_usage,38.96,16,100
2026-02-10 13:00:00,Web-Server-01,CPU_usage,40.3,16,100
2026-02-10 13:15:00,Web-Server-01,CPU_usage,40.77,16,100
2026-02-10 13:30:00,Web-Server-01,CPU_usage,39.13,16,100
2026-02-10 13:45:00,Web-Server-01,CPU_usage,39.15,16,100
2026-02-10 14:00:00,Web-Server-01,CPU_usage,39.43,16,100
2026-02-10 14:15:00,Web-Server-01,CPU_usage,41.22,16,100
2026-02-10 14:30:00,Web-Server-01,CPU_usage,39.32,16,100
2026-02-10 14:45:00,Web-Server-01,CPU_usage,38.91,16,100
2026-02-10 15:00:00,Web-Server-01,CPU_usage,40.05,16,100
2026-02-10 15:15:00,Web-Server-01,CPU_usage,39.19,16,100
2026-02-10 15:30:00,Web-Server-01,CPU_usage,38.16,16,100
2026-02-10 15:45:00,Web-Server-01,CPU_usage,39.56,16,100
2026-02-10 16:00:00,Web-Server-01,CPU_usage,39.04,16,100
2026-02-10 16:15:00,Web-Server-01,CPU_usage,38.34,16,100
2026-02-10 16:30:00,Web-Server-01,CPU_usage,42.52,16,100
2026-02-10 16:45:00,Web-Server-01,CPU_usage,38.03,16,100
2026-02-10 17:00:00,Web-Server-01,CPU_usage,42.01,16,100
2026-02-10 17:15:00,Web-Server-01,CPU_usage,39.21,16,100
2026-02-10 17:30:00,Web-Server-01,CPU_usage,39.49,16,100
2026-02-10 17:45:00,Web-Server-01,CPU_usage,39.31,16,100
2026-02-10 18:00:00,Web-Server-01,CPU_usage,41.97,16,100
2026-02-10 18:15:00,Web-Server-01,CPU_usage,39.95,16,100
2026-02-10 18:30:00,Web-Server-01,CPU_usage,40.76,16,100
2026-02-10 18:45:00,Web-Server-01,CPU_usage,39.23,16,100
2026-02-10 19:00:00,Web-Server-01,CPU_usage,39.37,16,100
2026-02-10 19:15:00,Web-Server-01,CPU_usage,41.05,16,100
2026-02-10 19:30:00,Web-Server-01,CPU_usage,39.95,16,100
2026-02-10 19:45:00,Web-Server-01,CPU_usage,39.93,16,100
2026-02-10 20:00:00,Web-Server-01,CPU_usage,40.79,16,100
2026-02-10 20:15:00,Web-Server-01,CPU_usage,39.32,16,100
2026-02-10 20:30:00,Web-Server-01,CPU_usage,38.37,16,100
2026-02-10 20:45:00,Web-Server-01,CPU_usage,39.41,16,100
2026-02-10 21:00:00,Web-Server-01,CPU_usage,39.82,16,100
2026-02-10 21:15:00,Web-Server-01,CPU_usage,39.61,16,100
2026-02-10 21:30:00,Web-Server-01,CPU_usage,39.22,16,100
2026-02-10 21:45:00,Web-Server-01,CPU_usage,39.72,16,100
2026-02-10 22:00:00,Web-Server-01,CPU_usage,39.66,16,100
2026-02-10 22:15:00,Web-Server-01,CPU_usage,39.43,16,100
2026-02-10 22:30:00,Web-Server-01,CPU_usage,37.45,16,100
2026-02-10 22:45:00,Web-Server-01,CPU_usage,41.18,16,100
2026-02-10 23:00:00,Web-Server-01,CPU_usage,39.65,16,100
2026-02-10 23:15:00,Web-Server-01,CPU_usage,39.72,16,100
2026-02-10 23:30:00,Web-Server-01,CPU_usage,41.09,16,100
2026-02-10 23:45:00,Web-Server-01,CPU_usage,39.72,16,100
2026-02-11 00:00:00,Web-Server-01,CPU_usage,38.58,16,100
2026-02-11 00:15:00,Web-Server-01,CPU_usage,38.96,16,100
2026-02-11 00:30:00,Web-Server-01,CPU_usage,39.35,16,100
2026-02-11 00:45:00,Web-Server-01,CPU_usage,40.67,16,100
2026-02-11 01:00:00,Web-Server-01,CPU_usage,38.95,16,100
2026-02-11 01:15:00,Web-Server-01,CPU_usage,40.5,16,100
2026-02-11 01:30:00,Web-Server-01,CPU_usage,40.27,16,100
2026-02-11 01:45:00,Web-Server-01,CPU_usage,40.5,16,100
2026-02-11 02:00:00,Web-Server-01,CPU_usage,40.42,16,100
2026-02-11 02:15:00,Web-Server-01,CPU_usage,40.35,16,100
2026-02-11 02:30:00,Web-Server-01,CPU_usage,39.1,16,100
2026-02-11 02:45:00,Web-Server-01,CPU_usage,38.93,16,100
2026-02-11 03:00:00,Web-Server-01,CPU_usage,39.36,16,100
2026-02-11 03:15:00,Web-Server-01,CPU_usage,39.15,16,100
2026-02-11 03:30:00,Web-Server-01,CPU_usage,40.35,16,100
2026-02-11 03:45:00,Web-Server-01,CPU_usage,41.13,16,100
2026-02-11 04:00:00,Web-Server-01,CPU_usage,40.57,16,100
2026-02-11 04:15:00,Web-Server-01,CPU_usage,40.21,16,100
2026-02-11 04:30:00,Web-Server-01,CPU_usage,40.99,16,100
2026-02-11 04:45:00,Web-Server-01,CPU_usage,39.56,16,100
2026-02-11 05:00:00,Web-Server-01,CPU_usage,39.0,16,100
2026-02-11 05:15:00,Web-Server-01,CPU_usage,41.22,16,100
2026-02-11 05:30:00,Web-Server-01,CPU_usage,40.92,16,100
2026-02-11 05:45:00,Web-Server-01,CPU_usage,38.31,16,100
2026-02-11 06:00:00,Web-Server-01,CPU_usage,40.58,16,100
2026-02-11 06:15:00,Web-Server-01,CPU_usage,39.52,16,100
2026-02-11 06:30:00,Web-Server-01,CPU_usage,40.58,16,100
2026-02-11 06:45:00,Web-Server-01,CPU_usage,39.02,16,100
2026-02-11 07:00:00,Web-Server-01,CPU_usage,39.54,16,100
2026-02-11 07:15:00,Web-Server-01,CPU_usage,40.86,16,100
2026-02-11 07:30:00,Web-Server-01,CPU_usage,39.55,16,100
2026-02-11 07:45:00,Web-Server-01,CPU_usage,41.25,16,100
2026-02-11 08:00:00,Web-Server-01,CPU_usage,39.83,16,100
2026-02-11 08:15:00,Web-Server-01,CPU_usage,39.14,16,100
2026-02-11 08:30:00,Web-Server-01,CPU_usage,39.57,16,100
2026-02-11 08:45:00,Web-Server-01,CPU_usage,41.8,16,100
2026-02-11 09:00:00,Web-Server-01,CPU_usage,39.72,16,100
2026-02-11 09:15:00,Web-Server-01,CPU_usage,39.5,16,100
2026-02-11 09:30:00,Web-Server-01,CPU_usage,39.26,16,100
2026-02-11 09:45:00,Web-Server-01,CPU_usage,40.33,16,100
2026-02-11 10:00:00,Web-Server-01,CPU_usage,39.68,16,100
2026-02-11 10:15:00,Web-Server-01,CPU_usage,39.31,16,100
2026-02-11 10:30:00,Web-Server-01,CPU_usage,40.34,16,100
2026-02-11 10:45:00,Web-Server-01,CPU_usage,39.99,16,100
2026-02-11 11:00:00,Web-Server-01,CPU_usage,39.36,16,100
2026-02-11 11:15:00,Web-Server-01,CPU_usage,38.62,16,100
2026-02-11 11:30:00,Web-Server-01,CPU_usage,39.64,16,100
2026-02-11 11:45:00,Web-Server-01,CPU_usage,39.61,16,100
2026-02-11 12:00:00,Web-Server-01,CPU_usage,41.04,16,100
2026-02-11 12:15:00,Web-Server-01,CPU_usage,39.04,16,100
2026-02-11 12:30:00,Web-Server-01,CPU_usage,38.79,16,100
2026-02-11 12:45:00,Web-Server-01,CPU_usage,40.34,16,100
2026-02-11 13:00:00,Web-Server-01,CPU_usage,40.75,16,100
2026-02-11 13:15:00,Web-Server-01,CPU_usage,39.67,16,100
2026-02-11 13:30:00,Web-Server-01,CPU_usage,39.22,16,100
2026-02-11 13:45:00,Web-Server-01,CPU_usage,40.5,16,100
2026-02-11 14:00:00,Web-Server-01,CPU_usage,40.09,16,100
2026-02-11 14:15:00,Web-Server-01,CPU_usage,39.93,16,100
2026-02-11 14:30:00,Web-Server-01,CPU_usage,40.65,16,100
2026-02-11 14:45:00,Web-Server-01,CPU_usage,39.76,16,100
2026-02-11 15:00:00,Web-Server-01,CPU_usage,39.77,16,100
2026-02-11 15:15:00,Web-Server-01,CPU_usage,40.59,16,100
2026-02-11 15:30:00,Web-Server-01,CPU_usage,40.36,16,100
2026-02-11 15:45:00,Web-Server-01,CPU_usage,40.81,16,100
2026-02-11 16:00:00,Web-Server-01,CPU_usage,41.34,16,100
2026-02-11 16:15:00,Web-Server-01,CPU_usage,40.77,16,100
2026-02-11 16:30:00,Web-Server-01,CPU_usage,42.05,16,100
2026-02-11 16:45:00,Web-Server-01,CPU_usage,38.79,16,100
2026-02-11 17:00:00,Web-Server-01,CPU_usage,39.11,16,100
2026-02-11 17:15:00,Web-Server-01,CPU_usage,39.63,16,100
2026-02-11 17:30:00,Web-Server-01,CPU_usage,39.5,16,100
2026-02-11 17:45:00,Web-Server-01,CPU_usage,39.8,16,100
2026-02-11 18:00:00,Web-Server-01,CPU_usage,41.05,16,100
2026-02-11 18:15:00,Web-Server-01,CPU_usage,41.92,16,100
2026-02-11 18:30:00,Web-Server-01,CPU_usage,40.21,16,100
2026-02-11 18:45:00,Web-Server-01,CPU_usage,40.5,16,100
2026-02-11 19:00:00,Web-Server-01,CPU_usage,38.33,16,100
2026-02-11 19:15:00,Web-Server-01,CPU_usage,40.03,16,100
2026-02-11 19:30:00,Web-Server-01,CPU_usage,42.4,16,100
2026-02-11 19:45:00,Web-Server-01,CPU_usage,41.12,16,100
2026-02-11 20:00:00,Web-Server-01,CPU_usage,38.8,16,100
2026-02-11 20:15:00,Web-Server-01,CPU_usage,38.55,16,100
2026-02-11 20:30:00,Web-Server-01,CPU_usage,39.42,16,100
2026-02-11 20:45:00,Web-Server-01,CPU_usage,40.91,16,100
2026-02-11 21:00:00,Web-Server-01,CPU_usage,41.84,16,100
2026-02-11 21:15:00,Web-Server-01,CPU_usage,40.29,16,100
2026-02-11 21:30:00,Web-Server-01,CPU_usage,39.77,16,100
2026-02-11 21:45:00,Web-Server-01,CPU_usage,39.51,16,100
2026-02-11 22:00:00,Web-Server-01,CPU_usage,39.26,16,100
2026-02-11 22:15:00,Web-Server-01,CPU_usage,40.26,16,100
2026-02-11 22:30:00,Web-Server-01,CPU_usage,40.52,16,100
2026-02-11 22:45:00,Web-Server-01,CPU_usage,38.11,16,100
2026-02-11 23:00:00,Web-Server-01,CPU_usage,40.08,16,100
2026-02-11 23:15:00,Web-Server-01,CPU_usage,39.84,16,100
2026-02-11 23:30:00,Web-Server-01,CPU_usage,40.65,16,100
2026-02-11 23:45:00,Web-Server-01,CPU_usage,39.33,16,100
2026-02-12 00:00:00,Web-Server-01,CPU_usage,39.22,16,100
2026-02-12 00:15:00,Web-Server-01,CPU_usage,40.56,16,100
2026-02-12 00:30:00,Web-Server-01,CPU_usage,40.6,16,100
2026-02-12 00:45:00,Web-Server-01,CPU_usage,38.41,16,100
2026-02-12 01:00:00,Web-Server-01,CPU_usage,41.34,16,100
2026-02-12 01:15:00,Web-Server-01,CPU_usage,38.85,16,100
2026-02-12 01:30:00,Web-Server-01,CPU_usage,40.71,16,100
2026-02-12 01:45:00,Web-Server-01,CPU_usage,39.73,16,100
2026-02-12 02:00:00,Web-Server-01,CPU_usage,38.55,16,100
2026-02-12 02:15:00,Web-Server-01,CPU_usage,38.66,16,100
2026-02-12 02:30:00,Web-Server-01,CPU_usage,39.86,16,100
2026-02-12 02:45:00,Web-Server-01,CPU_usage,41.02,16,100
2026-02-12 03:00:00,Web-Server-01,CPU_usage,41.47,16,100
2026-02-12 03:15:00,Web-Server-01,CPU_usage,39.67,16,100
2026-02-12 03:30:00,Web-Server-01,CPU_usage,40.57,16,100
2026-02-12 03:45:00,Web-Server-01,CPU_usage,40.06,16,100
2026-02-12 04:00:00,Web-Server-01,CPU_usage,39.65,16,100
2026-02-12 04:15:00,Web-Server-01,CPU_usage,41.13,16,100
2026-02-12 04:30:00,Web-Server-01,CPU_usage,40.55,16,100
2026-02-12 04:45:00,Web-Server-01,CPU_usage,39.25,16,100
2026-02-12 05:00:00,Web-Server-01,CPU_usage,38.09,16,100
2026-02-12 05:15:00,Web-Server-01,CPU_usage,40.68,16,100
2026-02-12 05:30:00,Web-Server-01,CPU_usage,38.23,16,100
2026-02-12 05:45:00,Web-Server-01,CPU_usage,39.8,16,100
2026-02-12 06:00:00,Web-Server-01,CPU_usage,41.46,16,100
2026-02-12 06:15:00,Web-Server-01,CPU_usage,40.93,16,100
2026-02-12 06:30:00,Web-Server-01,CPU_usage,40.46,16,100
2026-02-12 06:45:00,Web-Server-01,CPU_usage,39.59,16,100
2026-02-12 07:00:00,Web-Server-01,CPU_usage,41.59,16,100
2026-02-12 07:15:00,Web-Server-01,CPU_usage,38.66,16,100
2026-02-12 07:30:00,Web-Server-01,CPU_usage,39.88,16,100
2026-02-12 07:45:00,Web-Server-01,CPU_usage,39.88,16,100
2026-02-12 08:00:00,Web-Server-01,CPU_usage,39.57,16,100
2026-02-12 08:15:00,Web-Server-01,CPU_usage,41.06,16,100
2026-02-12 08:30:00,Web-Server-01,CPU_usage,39.09,16,100
2026-02-12 08:45:00,Web-Server-01,CPU_usage,39.77,16,100
2026-02-12 09:00:00,Web-Server-01,CPU_usage,39.93,16,100
2026-02-12 09:15:00,Web-Server-01,CPU_usage,39.39,16,100
2026-02-12 09:30:00,Web-Server-01,CPU_usage,39.86,16,100
2026-02-12 09:45:00,Web-Server-01,CPU_usage,39.79,16,100
2026-02-12 10:00:00,Web-Server-01,CPU_usage,38.43,16,100
2026-02-12 10:15:00,Web-Server-01,CPU_usage,40.32,16,100
2026-02-12 10:30:00,Web-Server-01,CPU_usage,38.43,16,100
2026-02-12 10:45:00,Web-Server-01,CPU_usage,41.85,16,100
2026-02-12 11:00:00,Web-Server-01,CPU_usage,63.31,16,100
2026-02-12 11:15:00,Web-Server-01,CPU_usage,65.85,16,100
2026-02-12 11:30:00,Web-Server-01,CPU_usage,64.0,16,100
2026-02-12 11:45:00,Web-Server-01,CPU_usage,63.67,16,100
2026-02-12 12:00:00,Web-Server-01,CPU_usage,83.9,16,100
2026-02-12 12:15:00,Web-Server-01,CPU_usage,82.93,16,100
2026-02-12 12:30:00,Web-Server-01,CPU_usage,83.0,16,100
2026-02-12 12:45:00,Web-Server-01,CPU_usage,83.6,16,100
2026-02-12 13:00:00,Web-Server-01,CPU_usage,91.25,16,100
2026-02-12 13:15:00,Web-Server-01,CPU_usage,89.34,16,100
2026-02-12 13:30:00,Web-Server-01,CPU_usage,89.84,16,100
2026-02-12 13:45:00,Web-Server-01,CPU_usage,90.5,16,100
2026-02-12 14:00:00,Web-Server-01,CPU_usage,82.38,16,100
2026-02-12 14:15:00,Web-Server-01,CPU_usage,82.98,16,100
2026-02-12 14:30:00,Web-Server-01,CPU_usage,84.75,16,100
2026-02-12 14:45:00,Web-Server-01,CPU_usage,83.9,16,100
2026-02-12 15:00:00,Web-Server-01,CPU_usage,66.18,16,100
2026-02-12 15:15:00,Web-Server-01,CPU_usage,64.85,16,100
2026-02-12 15:30:00,Web-Server-01,CPU_usage,63.22,16,100
2026-02-12 15:45:00,Web-Server-01,CPU_usage,65.27,16,100
2026-02-12 16:00:00,Web-Server-01,CPU_usage,39.53,16,100
2026-02-12 16:15:00,Web-Server-01,CPU_usage,40.32,16,100
2026-02-12 16:30:00,Web-Server-01,CPU_usage,39.14,16,100
2026-02-12 16:45:00,Web-Server-01,CPU_usage,40.02,16,100
2026-02-12 17:00:00,Web-Server-01,CPU_usage,40.33,16,100
2026-02-12 17:15:00,Web-Server-01,CPU_usage,39.51,16,100
2026-02-12 17:30:00,Web-Server-01,CPU_usage,41.37,16,100
2026-02-12 17:45:00,Web-Server-01,CPU_usage,38.44,16,100
2026-02-12 18:00:00,Web-Server-01,CPU_usage,38.76,16,100
2026-02-12 18:15:00,Web-Server-01,CPU_usage,41.73,16,100
2026-02-12 18:30:00,Web-Server-01,CPU_usage,39.11,16,100
2026-02-12 18:45:00,Web-Server-01,CPU_usage,40.77,16,100
2026-02-12 19:00:00,Web-Server-01,CPU_usage,41.05,16,100
2026-02-12 19:15:00,Web-Server-01,CPU_usage,40.49,16,100
2026-02-12 19:30:00,Web-Server-01,CPU_usage,40.14,16,100
2026-02-12 19:45:00,Web-Server-01,CPU_usage,41.27,16,100
2026-02-12 20:00:00,Web-Server-01,CPU_usage,40.6,16,100
2026-02-12 20:15:00,Web-Server-01,CPU_usage,40.08,16,100
2026-02-12 20:30:00,Web-Server-01,CPU_usage,41.09,16,100
2026-02-12 20:45:00,Web-Server-01,CPU_usage,39.45,16,100
2026-02-12 21:00:00,Web-Server-01,CPU_usage,38.88,16,100
2026-02-12 21:15:00,Web-Server-01,CPU_usage,37.97,16,100
2026-02-12 21:30:00,Web-Server-01,CPU_usage,40.03,16,100
2026-02-12 21:45:00,Web-Server-01,CPU_usage,39.33,16,100
2026-02-12 22:00:00,Web-Server-01,CPU_usage,39.65,16,100
2026-02-12 22:15:00,Web-Server-01,CPU_usage,38.42,16,100
2026-02-12 22:30:00,Web-Server-01,CPU_usage,39.33,16,100
2026-02-12 22:45:00,Web-Server-01,CPU_usage,39.28,16,100
2026-02-12 23:00:00,Web-Server-01,CPU_usage,42.27,16,100
2026-02-12 23:15:00,Web-Server-01,CPU_usage,39.65,16,100
2026-02-12 23:30:00,Web-Server-01,CPU_usage,40.02,16,100
2026-02-12 23:45:00,Web-Server-01,CPU_usage,40.59,16,100
2026-02-13 00:00:00,Web-Server-01,CPU_usage,38.89,16,100
2026-02-13 00:15:00,Web-Server-01,CPU_usage,39.19,16,100
2026-02-13 00:30:00,Web-Server-01,CPU_usage,40.91,16,100
2026-02-13 00:45:00,Web-Server-01,CPU_usage,39.01,16,100
2026-02-13 01:00:00,Web-Server-01,CPU_usage,39.63,16,100
2026-02-13 01:15:00,Web-Server-01,CPU_usage,39.24,16,100
2026-02-13 01:30:00,Web-Server-01,CPU_usage,41.2,16,100
2026-02-13 01:45:00,Web-Server-01,CPU_usage,39.39,16,100
2026-02-13 02:00:00,Web-Server-01,CPU_usage,40.15,16,100
2026-02-13 02:15:00,Web-Server-01,CPU_usage,40.68,16,100
2026-02-13 02:30:00,Web-Server-01,CPU_usage,38.85,16,100
2026-02-13 02:45:00,Web-Server-01,CPU_usage,39.94,16,100
2026-02-13 03:00:00,Web-Server-01,CPU_usage,40.27,16,100
2026-02-13 03:15:00,Web-Server-01,CPU_usage,39.31,16,100
2026-02-13 03:30:00,Web-Server-01,CPU_usage,40.31,16,100
2026-02-13 03:45:00,Web-Server-01,CPU_usage,39.87,16,100
2026-02-13 04:00:00,Web-Server-01,CPU_usage,40.37,16,100
2026-02-13 04:15:00,Web-Server-01,CPU_usage,38.13,16,100
2026-02-13 04:30:00,Web-Server-01,CPU_usage,39.74,16,100
2026-02-13 04:45:00,Web-Server-01,CPU_usage,40.9,16,100
2026-02-13 05:00:00,Web-Server-01,CPU_usage,39.56,16,100
2026-02-13 05:15:00,Web-Server-01,CPU_usage,40.94,16,100
2026-02-13 05:30:00,Web-Server-01,CPU_usage,38.1,16,100
2026-02-13 05:45:00,Web-Server-01,CPU_usage,39.18,16,100
2026-02-13 06:00:00,Web-Server-01,CPU_usage,40.11,16,100
2026-02-13 06:15:00,Web-Server-01,CPU_usage,41.91,16,100
2026-02-13 06:30:00,Web-Server-01,CPU_usage,40.33,16,100
2026-02-13 06:45:00,Web-Server-01,CPU_usage,40.17,16,100
2026-02-13 07:00:00,Web-Server-01,CPU_usage,41.73,16,100
2026-02-13 07:15:00,Web-Server-01,CPU_usage,38.87,16,100
2026-02-13 07:30:00,Web-Server-01,CPU_usage,39.77,16,100
2026-02-13 07:45:00,Web-Server-01,CPU_usage,39.3,16,100
2026-02-13 08:00:00,Web-Server-01,CPU_usage,38.99,16,100
2026-02-13 08:15:00,Web-Server-01,CPU_usage,41.32,16,100
2026-02-13 08:30:00,Web-Server-01,CPU_usage,38.54,16,100
2026-02-13 08:45:00,Web-Server-01,CPU_usage,41.0,16,100
2026-02-13 09:00:00,Web-Server-01,CPU_usage,38.55,16,100
2026-02-13 09:15:00,Web-Server-01,CPU_usage,40.66,16,100
2026-02-13 09:30:00,Web-Server-01,CPU_usage,41.98,16,100
2026-02-13 09:45:00,Web-Server-01,CPU_usage,40.17,16,100
2026-02-13 10:00:00,Web-Server-01,CPU_usage,38.33,16,100
2026-02-13 10:15:00,Web-Server-01,CPU_usage,40.95,16,100
2026-02-13 10:30:00,Web-Server-01,CPU_usage,39.94,16,100
2026-02-13 10:45:00,Web-Server-01,CPU_usage,39.22,16,100
2026-02-13 11:00:00,Web-Server-01,CPU_usage,39.17,16,100
2026-02-13 11:15:00,Web-Server-01,CPU_usage,40.47,16,100
2026-02-13 11:30:00,Web-Server-01,CPU_usage,39.39,16,100
2026-02-13 11:45:00,Web-Server-01,CPU_usage,41.27,16,100
2026-02-13 12:00:00,Web-Server-01,CPU_usage,41.12,16,100
2026-02-13 12:15:00,Web-Server-01,CPU_usage,39.65,16,100
2026-02-13 12:30:00,Web-Server-01,CPU_usage,40.25,16,100
2026-02-13 12:45:00,Web-Server-01,CPU_usage,42.68,16,100
2026-02-13 13:00:00,Web-Server-01,CPU_usage,38.59,16,100
2026-02-13 13:15:00,Web-Server-01,CPU_usage,40.33,16,100
2026-02-13 13:30:00,Web-Server-01,CPU_usage,40.29,16,100
2026-02-13 13:45:00,Web-Server-01,CPU_usage,40.13,16,100
2026-02-13 14:00:00,Web-Server-01,CPU_usage,40.22,16,100
2026-02-13 14:15:00,Web-Server-01,CPU_usage,39.73,16,100
2026-02-13 14:30:00,Web-Server-01,CPU_usage,40.82,16,100
2026-02-13 14:45:00,Web-Server-01,CPU_usage,39.28,16,100
2026-02-13 15:00:00,Web-Server-01,CPU_usage,40.64,16,100
2026-02-13 15:15:00,Web-Server-01,CPU_usage,38.57,16,100
2026-02-13 15:30:00,Web-Server-01,CPU_usage,40.46,16,100
2026-02-13 15:45:00,Web-Server-01,CPU_usage,39.01,16,100
2026-02-13 16:00:00,Web-Server-01,CPU_usage,40.37,16,100
2026-02-13 16:15:00,Web-Server-01,CPU_usage,38.45,16,100
2026-02-13 16:30:00,Web-Server-01,CPU_usage,40.84,16,100
2026-02-13 16:45:00,Web-Server-01,CPU_usage,42.42,16,100
2026-02-13 17:00:00,Web-Server-01,CPU_usage,39.37,16,100
2026-02-13 17:15:00,Web-Server-01,CPU_usage,40.14,16,100
2026-02-13 17:30:00,Web-Server-01,CPU_usage,38.5,16,100
2026-02-13 17:45:00,Web-Server-01,CPU_usage,41.21,16,100
2026-02-13 18:00:00,Web-Server-01,CPU_usage,40.75,16,100
2026-02-13 18:15:00,Web-Server-01,CPU_usage,38.46,16,100
2026-02-13 18:30:00,Web-Server-01,CPU_usage,39.46,16,100
2026-02-13 18:45:00,Web-Server-01,CPU_usage,41.75,16,100
2026-02-13 19:00:00,Web-Server-01,CPU_usage,39.56,16,100
2026-02-13 19:15:00,Web-Server-01,CPU_usage,39.52,16,100
2026-02-13 19:30:00,Web-Server-01,CPU_usage,39.87,16,100
2026-02-13 19:45:00,Web-Server-01,CPU_usage,40.33,16,100
2026-02-13 20:00:00,Web-Server-01,CPU_usage,41.74,16,100
2026-02-13 20:15:00,Web-Server-01,CPU_usage,39.78,16,100
2026-02-13 20:30:00,Web-Server-01,CPU_usage,38.11,16,100
2026-02-13 20:45:00,Web-Server-01,CPU_usage,41.43,16,100
2026-02-13 21:00:00,Web-Server-01,CPU_usage,40.71,16,100
2026-02-13 21:15:00,Web-Server-01,CPU_usage,40.35,16,100
2026-02-13 21:30:00,Web-Server-01,CPU_usage,39.43,16,100
2026-02-13 21:45:00,Web-Server-01,CPU_usage,40.17,16,100
2026-02-13 22:00:00,Web-Server-01,CPU_usage,39.49,16,100
2026-02-13 22:15:00,Web-Server-01,CPU_usage,39.81,16,100
2026-02-13 22:30:00,Web-Server-01,CPU_usage,38.79,16,100
2026-02-13 22:45:00,Web-Server-01,CPU_usage,41.03,16,100
2026-02-13 23:00:00,Web-Server-01,CPU_usage,39.42,16,100
2026-02-13 23:15:00,Web-Server-01,CPU_usage,38.85,16,100
2026-02-13 23:30:00,Web-Server-01,CPU_usage,42.32,16,100
2026-02-13 23:45:00,Web-Server-01,CPU_usage,40.38,16,100
2026-02-14 00:00:00,Web-Server-01,CPU_usage,41.46,16,100
2026-02-14 00:15:00,Web-Server-01,CPU_usage,40.42,16,100
2026-02-14 00:30:00,Web-Server-01,CPU_usage,41.42,16,100
2026-02-14 00:45:00,Web-Server-01,CPU_usage,39.03,16,100
2026-02-14 01:00:00,Web-Server-01,CPU_usage,39.61,16,100
2026-02-14 01:15:00,Web-Server-01,CPU_usage,38.48,16,100
2026-02-14 01:30:00,Web-Server-01,CPU_usage,40.99,16,100
2026-02-14 01:45:00,Web-Server-01,CPU_usage,37.93,16,100
2026-02-14 02:00:00,Web-Server-01,CPU_usage,41.09,16,100
2026-02-14 02:15:00,Web-Server-01,CPU_usage,41.25,16,100
2026-02-14 02:30:00,Web-Server-01,CPU_usage,40.05,16,100
2026-02-14 02:45:00,Web-Server-01,CPU_usage,40.13,16,100
2026-02-14 03:00:00,Web-Server-01,CPU_usage,39.79,16,100
2026-02-14 03:15:00,Web-Server-01,CPU_usage,37.45,16,100
2026-02-14 03:30:00,Web-Server-01,CPU_usage,41.05,16,100
2026-02-14 03:45:00,Web-Server-01,CPU_usage,40.4,16,100
2026-02-14 04:00:00,Web-Server-01,CPU_usage,39.62,16,100
2026-02-14 04:15:00,Web-Server-01,CPU_usage,40.64,16,100
2026-02-14 04:30:00,Web-Server-01,CPU_usage,38.3,16,100
2026-02-14 04:45:00,Web-Server-01,CPU_usage,40.55,16,100
2026-02-14 05:00:00,Web-Server-01,CPU_usage,40.22,16,100
2026-02-14 05:15:00,Web-Server-01,CPU_usage,40.95,16,100
2026-02-14 05:30:00,Web-Server-01,CPU_usage,39.38,16,100
2026-02-14 05:45:00,Web-Server-01,CPU_usage,41.05,16,100
2026-02-14 06:00:00,Web-Server-01,CPU_usage,39.37,16,100
2026-02-14 06:15:00,Web-Server-01,CPU_usage,40.39,16,100
2026-02-14 06:30:00,Web-Server-01,CPU_usage,40.3,16,100
2026-02-14 06:45:00,Web-Server-01,CPU_usage,39.36,16,100
2026-02-14 07:00:00,Web-Server-01,CPU_usage,39.63,16,100
2026-02-14 07:15:00,Web-Server-01,CPU_usage,38.33,16,100
2026-02-14 07:30:00,Web-Server-01,CPU_usage,39.09,16,100
2026-02-14 07:45:00,Web-Server-01,CPU_usage,40.58,16,100
2026-02-14 08:00:00,Web-Server-01,CPU_usage,40.86,16,100
2026-02-14 08:15:00,Web-Server-01,CPU_usage,38.95,16,100
2026-02-14 08:30:00,Web-Server-01,CPU_usage,38.86,16,100
2026-02-14 08:45:00,Web-Server-01,CPU_usage,40.9,16,100
2026-02-14 09:00:00,Web-Server-01,CPU_usage,40.74,16,100
2026-02-14 09:15:00,Web-Server-01,CPU_usage,41.23,16,100
2026-02-14 09:30:00,Web-Server-01,CPU_usage,39.41,16,100
2026-02-14 09:45:00,Web-Server-01,CPU_usage,39.7,16,100
2026-02-14 10:00:00,Web-Server-01,CPU_usage,39.55,16,100
2026-02-14 10:15:00,Web-Server-01,CPU_usage,38.39,16,100
2026-02-14 10:30:00,Web-Server-01,CPU_usage,40.99,16,100
2026-02-14 10:45:00,Web-Server-01,CPU_usage,40.38,16,100
2026-02-14 11:00:00,Web-Server-01,CPU_usage,39.28,16,100
2026-02-14 11:15:00,Web-Server-01,CPU_usage,40.03,16,100
2026-02-14 11:30:00,Web-Server-01,CPU_usage,40.66,16,100
2026-02-14 11:45:00,Web-Server-01,CPU_usage,39.55,16,100
2026-02-14 12:00:00,Web-Server-01,CPU_usage,38.61,16,100
2026-02-14 12:15:00,Web-Server-01,CPU_usage,40.78,16,100
2026-02-14 12:30:00,Web-Server-01,CPU_usage,39.63,16,100
2026-02-14 12:45:00,Web-Server-01,CPU_usage,41.48,16,100
2026-02-14 13:00:00,Web-Server-01,CPU_usage,41.32,16,100
2026-02-14 13:15:00,Web-Server-01,CPU_usage,41.08,16,100
2026-02-14 13:30:00,Web-Server-01,CPU_usage,39.62,16,100
2026-02-14 13:45:00,Web-Server-01,CPU_usage,40.83,16,100
2026-02-14 14:00:00,Web-Server-01,CPU_usage,39.83,16,100
2026-02-14 14:15:00,Web-Server-01,CPU_usage,38.86,16,100
2026-02-14 14:30:00,Web-Server-01,CPU_usage,40.67,16,100
2026-02-14 14:45:00,Web-Server-01,CPU_usage,39.97,16,100
2026-02-14 15:00:00,Web-Server-01,CPU_usage,40.09,16,100
2026-02-14 15:15:00,Web-Server-01,CPU_usage,40.85,16,100
2026-02-14 15:30:00,Web-Server-01,CPU_usage,39.9,16,100
2026-02-14 15:45:00,Web-Server-01,CPU_usage,39.79,16,100
2026-02-14 16:00:00,Web-Server-01,CPU_usage,41.14,16,100
2026-02-14 16:15:00,Web-Server-01,CPU_usage,38.47,16,100
2026-02-14 16:30:00,Web-Server-01,CPU_usage,41.35,16,100
2026-02-14 16:45:00,Web-Server-01,CPU_usage,38.18,16,100
2026-02-14 17:00:00,Web-Server-01,CPU_usage,38.96,16,100
2026-02-14 17:15:00,Web-Server-01,CPU_usage,38.44,16,100
2026-02-14 17:30:00,Web-Server-01,CPU_usage,42.06,16,100
2026-02-14 17:45:00,Web-Server-01,CPU_usage,39.85,16,100
2026-02-14 18:00:00,Web-Server-01,CPU_usage,40.89,16,100
2026-02-14 18:15:00,Web-Server-01,CPU_usage,41.19,16,100
2026-02-14 18:30:00,Web-Server-01,CPU_usage,42.18,16,100
2026-02-14 18:45:00,Web-Server-01,CPU_usage,39.61,16,100
2026-02-14 19:00:00,Web-Server-01,CPU_usage,38.75,16,100
2026-02-14 19:15:00,Web-Server-01,CPU_usage,39.52,16,100
2026-02-14 19:30:00,Web-Server-01,CPU_usage,39.24,16,100
2026-02-14 19:45:00,Web-Server-01,CPU_usage,40.62,16,100
2026-02-14 20:00:00,Web-Server-01,CPU_usage,40.46,16,100
2026-02-14 20:15:00,Web-Server-01,CPU_usage,38.75,16,100
2026-02-14 20:30:00,Web-Server-01,CPU_usage,39.78,16,100
2026-02-14 20:45:00,Web-Server-01,CPU_usage,40.09,16,100
2026-02-14 21:00:00,Web-Server-01,CPU_usage,38.74,16,100
2026-02-14 21:15:00,Web-Server-01,CPU_usage,40.84,16,100
2026-02-14 21:30:00,Web-Server-01,CPU_usage,39.45,16,100
2026-02-14 21:45:00,Web-Server-01,CPU_usage,41.7,16,100
2026-02-14 22:00:00,Web-Server-01,CPU_usage,39.44,16,100
2026-02-14 22:15:00,Web-Server-01,CPU_usage,38.79,16,100
2026-02-14 22:30:00,Web-Server-01,CPU_usage,40.14,16,100
2026-02-14 22:45:00,Web-Server-01,CPU_usage,38.47,16,100
2026-02-14 23:00:00,Web-Server-01,CPU_usage,40.37,16,100
2026-02-14 23:15:00,Web-Server-01,CPU_usage,38.75,16,100
2026-02-14 23:30:00,Web-Server-01,CPU_usage,40.7,16,100
2026-02-14 23:45:00,Web-Server-01,CPU_usage,41.12,16,100
2026-02-15 00:00:00,Web-Server-01,CPU_usage,42.02,16,100
2026-02-15 00:15:00,Web-Server-01,CPU_usage,39.1,16,100
2026-02-15 00:30:00,Web-Server-01,CPU_usage,41.16,16,100
2026-02-15 00:45:00,Web-Server-01,CPU_usage,38.63,16,100
2026-02-15 01:00:00,Web-Server-01,CPU_usage,37.99,16,100
2026-02-15 01:15:00,Web-Server-01,CPU_usage,39.87,16,100
2026-02-15 01:30:00,Web-Server-01,CPU_usage,40.07,16,100
2026-02-15 01:45:00,Web-Server-01,CPU_usage,39.93,16,100
2026-02-15 02:00:00,Web-Server-01,CPU_usage,40.28,16,100
2026-02-15 02:15:00,Web-Server-01,CPU_usage,41.01,16,100
2026-02-15 02:30:00,Web-Server-01,CPU_usage,39.63,16,100
2026-02-15 02:45:00,Web-Server-01,CPU_usage,40.02,16,100
2026-02-15 03:00:00,Web-Server-01,CPU_usage,40.37,16,100
2026-02-15 03:15:00,Web-Server-01,CPU_usage,39.72,16,100
2026-02-15 03:30:00,Web-Server-01,CPU_usage,40.03,16,100
2026-02-15 03:45:00,Web-Server-01,CPU_usage,40.67,16,100
2026-02-15 04:00:00,Web-Server-01,CPU_usage,39.54,16,100
2026-02-15 04:15:00,Web-Server-01,CPU_usage,37.56,16,100
2026-02-15 04:30:00,Web-Server-01,CPU_usage,40.19,16,100
2026-02-15 04:45:00,Web-Server-01,CPU_usage,39.97,16,100
2026-02-15 05:00:00,Web-Server-01,CPU_usage,40.53,16,100
2026-02-15 05:15:00,Web-Server-01,CPU_usage,41.37,16,100
2026-02-15 05:30:00,Web-Server-01,CPU_usage,40.06,16,100
2026-02-15 05:45:00,Web-Server-01,CPU_usage,40.63,16,100
2026-02-15 06:00:00,Web-Server-01,CPU_usage,39.08,16,100
2026-02-15 06:15:00,Web-Server-01,CPU_usage,40.13,16,100
2026-02-15 06:30:00,Web-Server-01,CPU_usage,39.89,16,100
2026-02-15 06:45:00,Web-Server-01,CPU_usage,40.73,16,100
2026-02-15 07:00:00,Web-Server-01,CPU_usage,40.49,16,100
2026-02-15 07:15:00,Web-Server-01,CPU_usage,40.58,16,100
2026-02-15 07:30:00,Web-Server-01,CPU_usage,39.89,16,100
2026-02-15 07:45:00,Web-Server-01,CPU_usage,41.47,16,100
2026-02-15 08:00:00,Web-Server-01,CPU_usage,39.58,16,100
2026-02-15 08:15:00,Web-Server-01,CPU_usage,40.47,16,100
2026-02-15 08:30:00,Web-Server-01,CPU_usage,39.24,16,100
2026-02-15 08:45:00,Web-Server-01,CPU_usage,39.94,16,100
2026-02-15 09:00:00,Web-Server-01,CPU_usage,41.03,16,100
2026-02-15 09:15:00,Web-Server-01,CPU_usage,39.7,16,100
2026-02-15 09:30:00,Web-Server-01,CPU_usage,39.21,16,100
2026-02-15 09:45:00,Web-Server-01,CPU_usage,38.92,16,100
2026-02-15 10:00:00,Web-Server-01,CPU_usage,39.77,16,100
2026-02-15 10:15:00,Web-Server-01,CPU_usage,39.5,16,100
2026-02-15 10:30:00,Web-Server-01,CPU_usage,37.76,16,100
2026-02-15 10:45:00,Web-Server-01,CPU_usage,39.98,16,100
2026-02-15 11:00:00,Web-Server-01,CPU_usage,40.22,16,100
2026-02-15 11:15:00,Web-Server-01,CPU_usage,38.57,16,100
2026-02-15 11:30:00,Web-Server-01,CPU_usage,41.23,16,100
2026-02-15 11:45:00,Web-Server-01,CPU_usage,40.91,16,100
2026-02-15 12:00:00,Web-Server-01,CPU_usage,40.14,16,100
2026-02-15 12:15:00,Web-Server-01,CPU_usage,39.84,16,100
2026-02-15 12:30:00,Web-Server-01,CPU_usage,39.98,16,100
2026-02-15 12:45:00,Web-Server-01,CPU_usage,40.26,16,100
2026-02-15 13:00:00,Web-Server-01,CPU_usage,39.35,16,100
2026-02-15 13:15:00,Web-Server-01,CPU_usage,38.71,16,100
2026-02-15 13:30:00,Web-Server-01,CPU_usage,39.96,16,100
2026-02-15 13:45:00,Web-Server-01,CPU_usage,39.12,16,100
2026-02-15 14:00:00,Web-Server-01,CPU_usage,39.58,16,100
2026-02-15 14:15:00,Web-Server-01,CPU_usage,40.52,16,100
2026-02-15 14:30:00,Web-Server-01,CPU_usage,40.95,16,100
2026-02-15 14:45:00,Web-Server-01,CPU_usage,39.61,16,100
2026-02-15 15:00:00,Web-Server-01,CPU_usage,39.43,16,100
2026-02-15 15:15:00,Web-Server-01,CPU_usage,41.26,16,100
2026-02-15 15:30:00,Web-Server-01,CPU_usage,40.36,16,100
2026-02-15 15:45:00,Web-Server-01,CPU_usage,39.99,16,100
2026-02-15 16:00:00,Web-Server-01,CPU_usage,39.62,16,100
2026-02-15 16:15:00,Web-Server-01,CPU_usage,39.25,16,100
2026-02-15 16:30:00,Web-Server-01,CPU_usage,40.57,16,100
2026-02-15 16:45:00,Web-Server-01,CPU_usage,41.24,16,100
2026-02-15 17:00:00,Web-Server-01,CPU_usage,38.24,16,100
2026-02-15 17:15:00,Web-Server-01,CPU_usage,40.53,16,100
2026-02-15 17:30:00,Web-Server-01,CPU_usage,39.91,16,100
2026-02-15 17:45:00,Web-Server-01,CPU_usage,40.0,16,100
2026-02-15 18:00:00,Web-Server-01,CPU_usage,39.86,16,100
2026-02-15 18:15:00,Web-Server-01,CPU_usage,41.89,16,100
2026-02-15 18:30:00,Web-Server-01,CPU_usage,40.43,16,100
2026-02-15 18:45:00,Web-Server-01,CPU_usage,41.72,16,100
2026-02-15 19:00:00,Web-Server-01,CPU_usage,39.01,16,100
2026-02-15 19:15:00,Web-Server-01,CPU_usage,39.41,16,100
2026-02-15 19:30:00,Web-Server-01,CPU_usage,39.43,16,100
2026-02-15 19:45:00,Web-Server-01,CPU_usage,39.53,16,100
2026-02-15 20:00:00,Web-Server-01,CPU_usage,39.5,16,100
2026-02-15 20:15:00,Web-Server-01,CPU_usage,38.5,16,100
2026-02-15 20:30:00,Web-Server-01,CPU_usage,38.31,16,100
2026-02-15 20:45:00,Web-Server-01,CPU_usage,38.3,16,100
2026-02-15 21:00:00,Web-Server-01,CPU_usage,40.25,16,100
2026-02-15 21:15:00,Web-Server-01,CPU_usage,40.06,16,100
2026-02-15 21:30:00,Web-Server-01,CPU_usage,41.04,16,100
2026-02-15 21:45:00,Web-Server-01,CPU_usage,39.81,16,100
2026-02-15 22:00:00,Web-Server-01,CPU_usage,40.09,16,100
2026-02-15 22:15:00,Web-Server-01,CPU_usage,39.72,16,100
2026-02-15 22:30:00,Web-Server-01,CPU_usage,39.28,16,100
2026-02-15 22:45:00,Web-Server-01,CPU_usage,41.41,16,100
2026-02-15 23:00:00,Web-Server-01,CPU_usage,40.5,16,100
2026-02-15 23:15:00,Web-Server-01,CPU_usage,39.73,16,100
2026-02-15 23:30:00,Web-Server-01,CPU_usage,39.57,16,100
2026-02-15 23:45:00,Web-Server-01,CPU_usage,37.34,16,100
2026-02-16 00:00:00,Web-Server-01,CPU_usage,41.09,16,100
2026-02-16 00:15:00,Web-Server-01,CPU_usage,39.33,16,100
2026-02-16 00:30:00,Web-Server-01,CPU_usage,39.0,16,100
2026-02-16 00:45:00,Web-Server-01,CPU_usage,41.18,16,100
2026-02-16 01:00:00,Web-Server-01,CPU_usage,42.06,16,100
2026-02-16 01:15:00,Web-Server-01,CPU_usage,40.47,16,100
2026-02-16 01:30:00,Web-Server-01,CPU_usage,40.14,16,100
2026-02-16 01:45:00,Web-Server-01,CPU_usage,39.79,16,100
2026-02-16 02:00:00,Web-Server-01,CPU_usage,40.42,16,100
2026-02-16 02:15:00,Web-Server-01,CPU_usage,38.97,16,100
2026-02-16 02:30:00,Web-Server-01,CPU_usage,38.5,16,100
2026-02-16 02:45:00,Web-Server-01,CPU_usage,41.37,16,100
2026-02-16 03:00:00,Web-Server-01,CPU_usage,39.12,16,100
2026-02-16 03:15:00,Web-Server-01,CPU_usage,40.82,16,100
2026-02-16 03:30:00,Web-Server-01,CPU_usage,39.31,16,100
2026-02-16 03:45:00,Web-Server-01,CPU_usage,39.32,16,100
2026-02-16 04:00:00,Web-Server-01,CPU_usage,40.73,16,100
2026-02-16 04:15:00,Web-Server-01,CPU_usage,39.19,16,100
2026-02-16 04:30:00,Web-Server-01,CPU_usage,40.44,16,100
2026-02-16 04:45:00,Web-Server-01,CPU_usage,39.95,16,100
2026-02-16 05:00:00,Web-Server-01,CPU_usage,41.12,16,100
2026-02-16 05:15:00,Web-Server-01,CPU_usage,40.53,16,100
2026-02-16 05:30:00,Web-Server-01,CPU_usage,38.95,16,100
2026-02-16 05:45:00,Web-Server-01,CPU_usage,42.11,16,100
2026-02-16 06:00:00,Web-Server-01,CPU_usage,38.48,16,100
2026-02-16 06:15:00,Web-Server-01,CPU_usage,40.45,16,100
2026-02-16 06:30:00,Web-Server-01,CPU_usage,40.71,16,100
2026-02-16 06:45:00,Web-Server-01,CPU_usage,39.44,16,100
2026-02-16 07:00:00,Web-Server-01,CPU_usage,39.84,16,100
2026-02-16 07:15:00,Web-Server-01,CPU_usage,39.04,16,100
2026-02-16 07:30:00,Web-Server-01,CPU_usage,40.01,16,100
2026-02-16 07:45:00,Web-Server-01,CPU_usage,41.78,16,100
2026-02-16 08:00:00,Web-Server-01,CPU_usage,40.46,16,100
2026-02-16 08:15:00,Web-Server-01,CPU_usage,41.2,16,100
2026-02-16 08:30:00,Web-Server-01,CPU_usage,40.66,16,100
2026-02-16 08:45:00,Web-Server-01,CPU_usage,40.03,16,100
2026-02-16 09:00:00,Web-Server-01,CPU_usage,39.82,16,100
2026-02-16 09:15:00,Web-Server-01,CPU_usage,37.5,16,100
2026-02-16 09:30:00,Web-Server-01,CPU_usage,39.1,16,100
2026-02-16 09:45:00,Web-Server-01,CPU_usage,40.97,16,100
2026-02-16 10:00:00,Web-Server-01,CPU_usage,39.69,16,100
2026-02-16 10:15:00,Web-Server-01,CPU_usage,39.68,16,100
2026-02-16 10:30:00,Web-Server-01,CPU_usage,41.3,16,100
2026-02-16 10:45:00,Web-Server-01,CPU_usage,38.74,16,100
2026-02-16 11:00:00,Web-Server-01,CPU_usage,64.93,16,100
2026-02-16 11:15:00,Web-Server-01,CPU_usage,66.38,16,100
2026-02-16 11:30:00,Web-Server-01,CPU_usage,65.94,16,100
2026-02-16 11:45:00,Web-Server-01,CPU_usage,63.93,16,100
2026-02-16 12:00:00,Web-Server-01,CPU_usage,83.09,16,100
2026-02-16 12:15:00,Web-Server-01,CPU_usage,84.61,16,100
2026-02-16 12:30:00,Web-Server-01,CPU_usage,82.79,16,100
2026-02-16 12:45:00,Web-Server-01,CPU_usage,83.07,16,100
2026-02-16 13:00:00,Web-Server-01,CPU_usage,91.01,16,100
2026-02-16 13:15:00,Web-Server-01,CPU_usage,90.01,16,100
2026-02-16 13:30:00,Web-Server-01,CPU_usage,89.18,16,100
2026-02-16 13:45:00,Web-Server-01,CPU_usage,90.85,16,100
2026-02-16 14:00:00,Web-Server-01,CPU_usage,83.42,16,100
2026-02-16 14:15:00,Web-Server-01,CPU_usage,83.3,16,100
2026-02-16 14:30:00,Web-Server-01,CPU_usage,82.36,16,100
2026-02-16 14:45:00,Web-Server-01,CPU_usage,83.51,16,100
2026-02-16 15:00:00,Web-Server-01,CPU_usage,65.27,16,100
2026-02-16 15:15:00,Web-Server-01,CPU_usage,65.16,16,100
2026-02-16 15:30:00,Web-Server-01,CPU_usage,63.58,16,100
2026-02-16 15:45:00,Web-Server-01,CPU_usage,64.73,16,100
2026-02-16 16:00:00,Web-Server-01,CPU_usage,38.92,16,100
2026-02-16 16:15:00,Web-Server-01,CPU_usage,39.57,16,100
2026-02-16 16:30:00,Web-Server-01,CPU_usage,40.33,16,100
2026-02-16 16:45:00,Web-Server-01,CPU_usage,43.26,16,100
2026-02-16 17:00:00,Web-Server-01,CPU_usage,38.93,16,100
2026-02-16 17:15:00,Web-Server-01,CPU_usage,39.85,16,100
2026-02-16 17:30:00,Web-Server-01,CPU_usage,40.11,16,100
2026-02-16 17:45:00,Web-Server-01,CPU_usage,39.0,16,100
2026-02-16 18:00:00,Web-Server-01,CPU_usage,41.07,16,100
2026-02-16 18:15:00,Web-Server-01,CPU_usage,39.29,16,100
2026-02-16 18:30:00,Web-Server-01,CPU_usage,38.43,16,100
2026-02-16 18:45:00,Web-Server-01,CPU_usage,40.98,16,100
2026-02-16 19:00:00,Web-Server-01,CPU_usage,41.04,16,100
2026-02-16 19:15:00,Web-Server-01,CPU_usage,39.07,16,100
2026-02-16 19:30:00,Web-Server-01,CPU_usage,39.33,16,100
2026-02-16 19:45:00,Web-Server-01,CPU_usage,39.25,16,100
2026-02-16 20:00:00,Web-Server-01,CPU_usage,39.55,16,100
2026-02-16 20:15:00,Web-Server-01,CPU_usage,40.98,16,100
2026-02-16 20:30:00,Web-Server-01,CPU_usage,40.03,16,100
2026-02-16 20:45:00,Web-Server-01,CPU_usage,38.92,16,100
2026-02-16 21:00:00,Web-Server-01,CPU_usage,39.95,16,100
2026-02-16 21:15:00,Web-Server-01,CPU_usage,39.78,16,100
2026-02-16 21:30:00,Web-Server-01,CPU_usage,40.7,16,100
2026-02-16 21:45:00,Web-Server-01,CPU_usage,40.82,16,100
2026-02-16 22:00:00,Web-Server-01,CPU_usage,38.59,16,100
2026-02-16 22:15:00,Web-Server-01,CPU_usage,39.29,16,100
2026-02-16 22:30:00,Web-Server-01,CPU_usage,40.02,16,100
2026-02-16 22:45:00,Web-Server-01,CPU_usage,40.65,16,100
2026-02-16 23:00:00,Web-Server-01,CPU_usage,40.24,16,100
2026-02-16 23:15:00,Web-Server-01,CPU_usage,38.92,16,100
2026-02-16 23:30:00,Web-Server-01,CPU_usage,39.46,16,100
2026-02-16 23:45:00,Web-Server-01,CPU_usage,38.43,16,100
2026-02-17 00:00:00,Web-Server-01,CPU_usage,41.35,16,100
2026-02-17 00:15:00,Web-Server-01,CPU_usage,37.5,16,100
2026-02-17 00:30:00,Web-Server-01,CPU_usage,38.78,16,100
2026-02-17 00:45:00,Web-Server-01,CPU_usage,40.3,16,100
2026-02-17 01:00:00,Web-Server-01,CPU_usage,39.67,16,100
2026-02-17 01:15:00,Web-Server-01,CPU_usage,40.07,16,100
2026-02-17 01:30:00,Web-Server-01,CPU_usage,38.29,16,100
2026-02-17 01:45:00,Web-Server-01,CPU_usage,39.5,16,100
2026-02-17 02:00:00,Web-Server-01,CPU_usage,41.37,16,100
2026-02-17 02:15:00,Web-Server-01,CPU_usage,41.26,16,100
2026-02-17 02:30:00,Web-Server-01,CPU_usage,39.38,16,100
2026-02-17 02:45:00,Web-Server-01,CPU_usage,39.94,16,100
2026-02-17 03:00:00,Web-Server-01,CPU_usage,42.03,16,100
2026-02-17 03:15:00,Web-Server-01,CPU_usage,41.82,16,100
2026-02-17 03:30:00,Web-Server-01,CPU_usage,40.15,16,100
2026-02-17 03:45:00,Web-Server-01,CPU_usage,42.72,16,100
2026-02-17 04:00:00,Web-Server-01,CPU_usage,39.83,16,100
2026-02-17 04:15:00,Web-Server-01,CPU_usage,40.08,16,100
2026-02-17 04:30:00,Web-Server-01,CPU_usage,39.31,16,100
2026-02-17 04:45:00,Web-Server-01,CPU_usage,38.95,16,100
2026-02-17 05:00:00,Web-Server-01,CPU_usage,39.57,16,100
2026-02-17 05:15:00,Web-Server-01,CPU_usage,41.02,16,100
2026-02-17 05:30:00,Web-Server-01,CPU_usage,39.96,16,100
2026-02-17 05:45:00,Web-Server-01,CPU_usage,39.56,16,100
2026-02-17 06:00:00,Web-Server-01,CPU_usage,39.61,16,100
2026-02-17 06:15:00,Web-Server-01,CPU_usage,40.2,16,100
2026-02-17 06:30:00,Web-Server-01,CPU_usage,40.99,16,100
2026-02-17 06:45:00,Web-Server-01,CPU_usage,40.93,16,100
2026-02-17 07:00:00,Web-Server-01,CPU_usage,41.88,16,100
2026-02-17 07:15:00,Web-Server-01,CPU_usage,39.7,16,100
2026-02-17 07:30:00,Web-Server-01,CPU_usage,39.23,16,100
2026-02-17 07:45:00,Web-Server-01,CPU_usage,41.61,16,100
2026-02-17 08:00:00,Web-Server-01,CPU_usage,39.41,16,100
2026-02-17 08:15:00,Web-Server-01,CPU_usage,40.02,16,100
2026-02-17 08:30:00,Web-Server-01,CPU_usage,39.54,16,100
2026-02-17 08:45:00,Web-Server-01,CPU_usage,39.96,16,100
2026-02-17 09:00:00,Web-Server-01,CPU_usage,40.79,16,100
2026-02-17 09:15:00,Web-Server-01,CPU_usage,40.19,16,100
2026-02-17 09:30:00,Web-Server-01,CPU_usage,40.42,16,100
2026-02-17 09:45:00,Web-Server-01,CPU_usage,40.7,16,100
2026-02-17 10:00:00,Web-Server-01,CPU_usage,39.49,16,100
2026-02-17 10:15:00,Web-Server-01,CPU_usage,39.05,16,100
2026-02-17 10:30:00,Web-Server-01,CPU_usage,40.59,16,100
2026-02-17 10:45:00,Web-Server-01,CPU_usage,39.25,16,100
2026-02-17 11:00:00,Web-Server-01,CPU_usage,41.76,16,100
2026-02-17 11:15:00,Web-Server-01,CPU_usage,37.41,16,100
2026-02-17 11:30:00,Web-Server-01,CPU_usage,38.88,16,100
2026-02-17 11:45:00,Web-Server-01,CPU_usage,39.55,16,100
2026-02-17 12:00:00,Web-Server-01,CPU_usage,40.69,16,100
2026-02-17 12:15:00,Web-Server-01,CPU_usage,40.62,16,100
2026-02-17 12:30:00,Web-Server-01,CPU_usage,41.2,16,100
2026-02-17 12:45:00,Web-Server-01,CPU_usage,40.07,16,100
2026-02-17 13:00:00,Web-Server-01,CPU_usage,39.12,16,100
2026-02-17 13:15:00,Web-Server-01,CPU_usage,39.6,16,100
2026-02-17 13:30:00,Web-Server-01,CPU_usage,43.22,16,100
2026-02-17 13:45:00,Web-Server-01,CPU_usage,40.47,16,100
2026-02-17 14:00:00,Web-Server-01,CPU_usage,40.34,16,100
2026-02-17 14:15:00,Web-Server-01,CPU_usage,39.8,16,100
2026-02-17 14:30:00,Web-Server-01,CPU_usage,39.64,16,100
2026-02-17 14:45:00,Web-Server-01,CPU_usage,41.2,16,100
2026-02-17 15:00:00,Web-Server-01,CPU_usage,40.48,16,100
2026-02-17 15:15:00,Web-Server-01,CPU_usage,39.82,16,100
2026-02-17 15:30:00,Web-Server-01,CPU_usage,41.98,16,100
2026-02-17 15:45:00,Web-Server-01,CPU_usage,41.81,16,100
2026-02-17 16:00:00,Web-Server-01,CPU_usage,39.71,16,100
2026-02-17 16:15:00,Web-Server-01,CPU_usage,39.5,16,100
2026-02-17 16:30:00,Web-Server-01,CPU_usage,40.07,16,100
2026-02-17 16:45:00,Web-Server-01,CPU_usage,43.23,16,100
2026-02-17 17:00:00,Web-Server-01,CPU_usage,38.21,16,100
2026-02-17 17:15:00,Web-Server-01,CPU_usage,39.73,16,100
2026-02-17 17:30:00,Web-Server-01,CPU_usage,40.88,16,100
2026-02-17 17:45:00,Web-Server-01,CPU_usage,39.92,16,100
2026-02-17 18:00:00,Web-Server-01,CPU_usage,39.81,16,100
2026-02-17 18:15:00,Web-Server-01,CPU_usage,38.56,16,100
2026-02-17 18:30:00,Web-Server-01,CPU_usage,40.84,16,100
2026-02-17 18:45:00,Web-Server-01,CPU_usage,38.4,16,100
2026-02-17 19:00:00,Web-Server-01,CPU_usage,40.03,16,100
2026-02-17 19:15:00,Web-Server-01,CPU_usage,39.69,16,100
2026-02-17 19:30:00,Web-Server-01,CPU_usage,38.97,16,100
2026-02-17 19:45:00,Web-Server-01,CPU_usage,40.43,16,100
2026-02-17 20:00:00,Web-Server-01,CPU_usage,38.86,16,100
2026-02-17 20:15:00,Web-Server-01,CPU_usage,38.75,16,100
2026-02-17 20:30:00,Web-Server-01,CPU_usage,40.48,16,100
2026-02-17 20:45:00,Web-Server-01,CPU_usage,39.9,16,100
2026-02-17 21:00:00,Web-Server-01,CPU_usage,39.81,16,100
2026-02-17 21:15:00,Web-Server-01,CPU_usage,38.61,16,100
2026-02-17 21:30:00,Web-Server-01,CPU_usage,42.71,16,100
2026-02-17 21:45:00,Web-Server-01,CPU_usage,40.1,16,100
2026-02-17 22:00:00,Web-Server-01,CPU_usage,40.31,16,100
2026-02-17 22:15:00,Web-Server-01,CPU_usage,40.52,16,100
2026-02-17 22:30:00,Web-Server-01,CPU_usage,39.54,16,100
2026-02-17 22:45:00,Web-Server-01,CPU_usage,38.57,16,100
2026-02-17 23:00:00,Web-Server-01,CPU_usage,40.35,16,100
2026-02-17 23:15:00,Web-Server-01,CPU_usage,41.4,16,100
2026-02-17 23:30:00,Web-Server-01,CPU_usage,41.59,16,100
2026-02-17 23:45:00,Web-Server-01,CPU_usage,38.99,16,100
2026-02-18 00:00:00,Web-Server-01,CPU_usage,40.4,16,100
2026-02-18 00:15:00,Web-Server-01,CPU_usage,38.86,16,100
2026-02-18 00:30:00,Web-Server-01,CPU_usage,42.06,16,100
2026-02-18 00:45:00,Web-Server-01,CPU_usage,40.79,16,100
2026-02-18 01:00:00,Web-Server-01,CPU_usage,39.49,16,100
2026-02-18 01:15:00,Web-Server-01,CPU_usage,38.47,16,100
2026-02-18 01:30:00,Web-Server-01,CPU_usage,39.66,16,100
2026-02-18 01:45:00,Web-Server-01,CPU_usage,41.33,16,100
2026-02-18 02:00:00,Web-Server-01,CPU_usage,39.11,16,100
2026-02-18 02:15:00,Web-Server-01,CPU_usage,39.77,16,100
2026-02-18 02:30:00,Web-Server-01,CPU_usage,39.21,16,100
2026-02-18 02:45:00,Web-Server-01,CPU_usage,41.12,16,100
2026-02-18 03:00:00,Web-Server-01,CPU_usage,38.78,16,100
2026-02-18 03:15:00,Web-Server-01,CPU_usage,39.0,16,100
2026-02-18 03:30:00,Web-Server-01,CPU_usage,38.74,16,100
2026-02-18 03:45:00,Web-Server-01,CPU_usage,39.58,16,100
2026-02-18 04:00:00,Web-Server-01,CPU_usage,40.92,16,100
2026-02-18 04:15:00,Web-Server-01,CPU_usage,40.45,16,100
2026-02-18 04:30:00,Web-Server-01,CPU_usage,39.43,16,100
2026-02-18 04:45:00,Web-Server-01,CPU_usage,39.72,16,100
2026-02-18 05:00:00,Web-Server-01,CPU_usage,39.09,16,100
2026-02-18 05:15:00,Web-Server-01,CPU_usage,39.85,16,100
2026-02-18 05:30:00,Web-Server-01,CPU_usage,39.65,16,100
2026-02-18 05:45:00,Web-Server-01,CPU_usage,39.55,16,100
2026-02-18 06:00:00,Web-Server-01,CPU_usage,38.52,16,100
2026-02-18 06:15:00,Web-Server-01,CPU_usage,40.98,16,100
2026-02-18 06:30:00,Web-Server-01,CPU_usage,39.7,16,100
2026-02-18 06:45:00,Web-Server-01,CPU_usage,40.27,16,100
2026-02-18 07:00:00,Web-Server-01,CPU_usage,38.43,16,100
2026-02-18 07:15:00,Web-Server-01,CPU_usage,40.12,16,100
2026-02-18 07:30:00,Web-Server-01,CPU_usage,40.23,16,100
2026-02-18 07:45:00,Web-Server-01,CPU_usage,40.71,16,100
2026-02-18 08:00:00,Web-Server-01,CPU_usage,39.9,16,100
2026-02-18 08:15:00,Web-Server-01,CPU_usage,39.84,16,100
2026-02-18 08:30:00,Web-Server-01,CPU_usage,38.7,16,100
2026-02-18 08:45:00,Web-Server-01,CPU_usage,39.8,16,100
2026-02-18 09:00:00,Web-Server-01,CPU_usage,39.68,16,100
2026-02-18 09:15:00,Web-Server-01,CPU_usage,40.76,16,100
2026-02-18 09:30:00,Web-Server-01,CPU_usage,39.99,16,100
2026-02-18 09:45:00,Web-Server-01,CPU_usage,40.79,16,100
2026-02-18 10:00:00,Web-Server-01,CPU_usage,40.03,16,100
2026-02-18 10:15:00,Web-Server-01,CPU_usage,39.76,16,100
2026-02-18 10:30:00,Web-Server-01,CPU_usage,39.69,16,100
2026-02-18 10:45:00,Web-Server-01,CPU_usage,39.58,16,100
2026-02-18 11:00:00,Web-Server-01,CPU_usage,41.63,16,100
2026-02-18 11:15:00,Web-Server-01,CPU_usage,40.49,16,100
2026-02-18 11:30:00,Web-Server-01,CPU_usage,39.8,16,100
2026-02-18 11:45:00,Web-Server-01,CPU_usage,38.78,16,100
2026-02-18 12:00:00,Web-Server-01,CPU_usage,38.5,16,100
2026-02-18 12:15:00,Web-Server-01,CPU_usage,39.76,16,100
2026-02-18 12:30:00,Web-Server-01,CPU_usage,41.02,16,100
2026-02-18 12:45:00,Web-Server-01,CPU_usage,38.16,16,100
2026-02-18 13:00:00,Web-Server-01,CPU_usage,38.77,16,100
2026-02-18 13:15:00,Web-Server-01,CPU_usage,39.9,16,100
2026-02-18 13:30:00,Web-Server-01,CPU_usage,39.88,16,100
2026-02-18 13:45:00,Web-Server-01,CPU_usage,39.39,16,100
2026-02-18 14:00:00,Web-Server-01,CPU_usage,41.11,16,100
2026-02-18 14:15:00,Web-Server-01,CPU_usage,41.31,16,100
2026-02-18 14:30:00,Web-Server-01,CPU_usage,40.47,16,100
2026-02-18 14:45:00,Web-Server-01,CPU_usage,38.94,16,100
2026-02-18 15:00:00,Web-Server-01,CPU_usage,41.07,16,100
2026-02-18 15:15:00,Web-Server-01,CPU_usage,39.58,16,100
2026-02-18 15:30:00,Web-Server-01,CPU_usage,40.25,16,100
2026-02-18 15:45:00,Web-Server-01,CPU_usage,39.24,16,100
2026-02-18 16:00:00,Web-Server-01,CPU_usage,41.25,16,100
2026-02-18 16:15:00,Web-Server-01,CPU_usage,39.69,16,100
2026-02-18 16:30:00,Web-Server-01,CPU_usage,40.69,16,100
2026-02-18 16:45:00,Web-Server-01,CPU_usage,40.57,16,100
2026-02-18 17:00:00,Web-Server-01,CPU_usage,40.44,16,100
2026-02-18 17:15:00,Web-Server-01,CPU_usage,38.72,16,100
2026-02-18 17:30:00,Web-Server-01,CPU_usage,39.41,16,100
2026-02-18 17:45:00,Web-Server-01,CPU_usage,40.21,16,100
2026-02-18 18:00:00,Web-Server-01,CPU_usage,40.02,16,100
2026-02-18 18:15:00,Web-Server-01,CPU_usage,38.46,16,100
2026-02-18 18:30:00,Web-Server-01,CPU_usage,39.44,16,100
2026-02-18 18:45:00,Web-Server-01,CPU_usage,40.03,16,100
2026-02-18 19:00:00,Web-Server-01,CPU_usage,38.58,16,100
2026-02-18 19:15:00,Web-Server-01,CPU_usage,40.38,16,100
2026-02-18 19:30:00,Web-Server-01,CPU_usage,37.65,16,100
2026-02-18 19:45:00,Web-Server-01,CPU_usage,38.47,16,100
2026-02-18 20:00:00,Web-Server-01,CPU_usage,39.21,16,100
2026-02-18 20:15:00,Web-Server-01,CPU_usage,39.47,16,100
2026-02-18 20:30:00,Web-Server-01,CPU_usage,40.89,16,100
2026-02-18 20:45:00,Web-Server-01,CPU_usage,39.53,16,100
2026-02-18 21:00:00,Web-Server-01,CPU_usage,40.47,16,100
2026-02-18 21:15:00,Web-Server-01,CPU_usage,37.7,16,100
2026-02-18 21:30:00,Web-Server-01,CPU_usage,40.49,16,100
2026-02-18 21:45:00,Web-Server-01,CPU_usage,40.52,16,100
2026-02-18 22:00:00,Web-Server-01,CPU_usage,38.9,16,100
2026-02-18 22:15:00,Web-Server-01,CPU_usage,38.99,16,100
2026-02-18 22:30:00,Web-Server-01,CPU_usage,40.26,16,100
2026-02-18 22:45:00,Web-Server-01,CPU_usage,39.91,16,100
2026-02-18 23:00:00,Web-Server-01,CPU_usage,39.88,16,100
