timestamp,instance_id,metric_label,value,memory_gb,storage_gb
2026-04-03 22:56:26.825454,Web-Server-01,CPU_usage,22.11,8,50
2026-04-03 23:11:26.825454,Web-Server-01,CPU_usage,26.77,8,50
2026-04-03 23:26:26.825454,Web-Server-01,CPU_usage,22.77,8,50
2026-04-03 23:41:26.825454,Web-Server-01,CPU_usage,28.3,8,50
2026-04-03 23:56:26.825454,Web-Server-01,CPU_usage,27.29,8,50
2026-04-04 00:11:26.825454,Web-Server-01,CPU_usage,27.61,8,50
2026-04-04 00:26:26.825454,Web-Server-01,CPU_usage,29.43,8,50
2026-04-04 00:41:26.825454,Web-Server-01,CPU_usage,35.3,8,50
2026-04-04 00:56:26.825454,Web-Server-01,CPU_usage,30.84,8,50
2026-04-04 01:11:26.825454,Web-Server-01,CPU_usage,38.24,8,50
2026-04-04 01:26:26.825454,Web-Server-01,CPU_usage,36.05,8,50
2026-04-04 01:41:26.825454,Web-Server-01,CPU_usage,37.62,8,50
2026-04-04 01:56:26.825454,Web-Server-01,CPU_usage,36.73,8,50
2026-04-04 02:11:26.825454,Web-Server-01,CPU_usage,41.0,8,50
2026-04-04 02:26:26.825454,Web-Server-01,CPU_usage,39.35,8,50
2026-04-04 02:41:26.825454,Web-Server-01,CPU_usage,43.63,8,50
2026-04-04 02:56:26.825454,Web-Server-01,CPU_usage,39.21,8,50
2026-04-04 03:11:26.825454,Web-Server-01,CPU_usage,44.49,8,50
2026-04-04 03:26:26.825454,Web-Server-01,CPU_usage,48.0,8,50
2026-04-04 03:41:26.825454,Web-Server-01,CPU_usage,47.73,8,50
2026-04-04 03:56:26.825454,Web-Server-01,CPU_usage,44.48,8,50
2026-04-04 04:11:26.825454,Web-Server-01,CPU_usage,50.38,8,50
2026-04-04 04:26:26.825454,Web-Server-01,CPU_usage,55.2,8,50
2026-04-04 04:41:26.825454,Web-Server-01,CPU_usage,47.02,8,50
2026-04-04 04:56:26.825454,Web-Server-01,CPU_usage,49.53,8,50
2026-04-04 05:11:26.825454,Web-Server-01,CPU_usage,53.64,8,50
2026-04-04 05:26:26.825454,Web-Server-01,CPU_usage,53.31,8,50
2026-04-04 05:41:26.825454,Web-Server-01,CPU_usage,50.89,8,50
2026-04-04 05:56:26.825454,Web-Server-01,CPU_usage,56.2,8,50
2026-04-04 06:11:26.825454,Web-Server-01,CPU_usage,57.56,8,50
2026-04-04 06:26:26.825454,Web-Server-01,CPU_usage,59.35,8,50
2026-04-04 06:41:26.825454,Web-Server-01,CPU_usage,62.87,8,50
2026-04-04 06:56:26.825454,Web-Server-01,CPU_usage,61.65,8,50
2026-04-04 07:11:26.825454,Web-Server-01,CPU_usage,58.33,8,50
2026-04-04 07:26:26.825454,Web-Server-01,CPU_usage,56.67,8,50
2026-04-04 07:41:26.825454,Web-Server-01,CPU_usage,62.16,8,50
2026-04-04 07:56:26.825454,Web-Server-01,CPU_usage,59.46,8,50
2026-04-04 08:11:26.825454,Web-Server-01,CPU_usage,59.7,8,50
2026-04-04 08:26:26.825454,Web-Server-01,CPU_usage,63.37,8,50
2026-04-04 08:41:26.825454,Web-Server-01,CPU_usage,54.9,8,50
2026-04-04 08:56:26.825454,Web-Server-01,CPU_usage,69.5,8,50
2026-04-04 09:11:26.825454,Web-Server-01,CPU_usage,62.73,8,50
2026-04-04 09:26:26.825454,Web-Server-01,CPU_usage,54.51,8,50
2026-04-04 09:41:26.825454,Web-Server-01,CPU_usage,62.96,8,50
2026-04-04 09:56:26.825454,Web-Server-01,CPU_usage,62.47,8,50
2026-04-04 10:11:26.825454,Web-Server-01,CPU_usage,56.46,8,50
2026-04-04 10:26:26.825454,Web-Server-01,CPU_usage,50.56,8,50
2026-04-04 10:41:26.825454,Web-Server-01,CPU_usage,62.55,8,50
2026-04-04 10:56:26.825454,Web-Server-01,CPU_usage,54.26,8,50
2026-04-04 11:11:26.825454,Web-Server-01,CPU_usage,52.84,8,50
2026-04-04 11:26:26.825454,Web-Server-01,CPU_usage,57.31,8,50
2026-04-04 11:41:26.825454,Web-Server-01,CPU_usage,52.24,8,50
2026-04-04 11:56:26.825454,Web-Server-01,CPU_usage,57.94,8,50
2026-04-04 12:11:26.825454,Web-Server-01,CPU_usage,49.84,8,50
2026-04-04 12:26:26.825454,Web-Server-01,CPU_usage,50.65,8,50
2026-04-04 12:41:26.825454,Web-Server-01,CPU_usage,52.55,8,50
2026-04-04 12:56:26.825454,Web-Server-01,CPU_usage,50.8,8,50
2026-04-04 13:11:26.825454,Web-Server-01,CPU_usage,48.03,8,50
2026-04-04 13:26:26.825454,Web-Server-01,CPU_usage,48.26,8,50
2026-04-04 13:41:26.825454,Web-Server-01,CPU_usage,44.95,8,50
2026-04-04 13:56:26.825454,Web-Server-01,CPU_usage,43.27,8,50
2026-04-04 14:11:26.825454,Web-Server-01,CPU_usage,39.97,8,50
2026-04-04 14:26:26.825454,Web-Server-01,CPU_usage,43.83,8,50
2026-04-04 14:41:26.825454,Web-Server-01,CPU_usage,42.87,8,50
2026-04-04 14:56:26.825454,Web-Server-01,CPU_usage,42.27,8,50
2026-04-04 15:11:26.825454,Web-Server-01,CPU_usage,34.92,8,50
2026-04-04 15:26:26.825454,Web-Server-01,CPU_usage,35.14,8,50
2026-04-04 15:41:26.825454,Web-Server-01,CPU_usage,42.61,8,50
2026-04-04 15:56:26.825454,Web-Server-01,CPU_usage,35.18,8,50
2026-04-04 16:11:26.825454,Web-Server-01,CPU_usage,34.58,8,50
2026-04-04 16:26:26.825454,Web-Server-01,CPU_usage,33.23,8,50
2026-04-04 16:41:26.825454,Web-Server-01,CPU_usage,29.89,8,50
2026-04-04 16:56:26.825454,Web-Server-01,CPU_usage,31.02,8,50
2026-04-04 17:11:26.825454,Web-Server-01,CPU_usage,28.97,8,50
2026-04-04 17:26:26.825454,Web-Server-01,CPU_usage,22.41,8,50
2026-04-04 17:41:26.825454,Web-Server-01,CPU_usage,29.88,8,50
2026-04-04 17:56:26.825454,Web-Server-01,CPU_usage,27.35,8,50
2026-04-04 18:11:26.825454,Web-Server-01,CPU_usage,20.6,8,50
2026-04-04 18:26:26.825454,Web-Server-01,CPU_usage,24.9,8,50
2026-04-04 18:41:26.825454,Web-Server-01,CPU_usage,25.76,8,50
2026-04-04 18:56:26.825454,Web-Server-01,CPU_usage,21.4,8,50
2026-04-04 19:11:26.825454,Web-Server-01,CPU_usage,22.71,8,50
2026-04-04 19:26:26.825454,Web-Server-01,CPU_usage,26.91,8,50
2026-04-04 19:41:26.825454,Web-Server-01,CPU_usage,23.93,8,50
2026-04-04 19:56:26.825454,Web-Server-01,CPU_usage,23.59,8,50
2026-04-04 20:11:26.825454,Web-Server-01,CPU_usage,22.57,8,50
2026-04-04 20:26:26.825454,Web-Server-01,CPU_usage,24.17,8,50
2026-04-04 20:41:26.825454,Web-Server-01,CPU_usage,22.95,8,50
2026-04-04 20:56:26.825454,Web-Server-01,CPU_usage,24.73,8,50
2026-04-04 21:11:26.825454,Web-Server-01,CPU_usage,19.88,8,50
2026-04-04 21:26:26.825454,Web-Server-01,CPU_usage,25.4,8,50
2026-04-04 21:41:26.825454,Web-Server-01,CPU_usage,24.53,8,50
2026-04-04 21:56:26.825454,Web-Server-01,CPU_usage,19.56,8,50
2026-04-04 22:11:26.825454,Web-Server-01,CPU_usage,23.03,8,50
2026-04-04 22:26:26.825454,Web-Server-01,CPU_usage,25.55,8,50
2026-04-04 22:41:26.825454,Web-Server-01,CPU_usage,27.53,8,50
2026-04-04 22:56:26.825454,Web-Server-01,CPU_usage,24.74,8,50
2026-04-04 23:11:26.825454,Web-Server-01,CPU_usage,26.96,8,50
2026-04-04 23:26:26.825454,Web-Server-01,CPU_usage,30.0,8,50
2026-04-04 23:41:26.825454,Web-Server-01,CPU_usage,25.69,8,50
2026-04-04 23:56:26.825454,Web-Server-01,CPU_usage,28.19,8,50
2026-04-05 00:11:26.825454,Web-Server-01,CPU_usage,30.34,8,50
2026-04-05 00:26:26.825454,Web-Server-01,CPU_usage,37.14,8,50
2026-04-05 00:41:26.825454,Web-Server-01,CPU_usage,31.86,8,50
2026-04-05 00:56:26.825454,Web-Server-01,CPU_usage,31.52,8,50
2026-04-05 01:11:26.825454,Web-Server-01,CPU_usage,29.91,8,50
2026-04-05 01:26:26.825454,Web-Server-01,CPU_usage,37.89,8,50
2026-04-05 01:41:26.825454,Web-Server-01,CPU_usage,37.05,8,50
2026-04-05 01:56:26.825454,Web-Server-01,CPU_usage,39.09,8,50
2026-04-05 02:11:26.825454,Web-Server-01,CPU_usage,46.25,8,50
2026-04-05 02:26:26.825454,Web-Server-01,CPU_usage,43.14,8,50
2026-04-05 02:41:26.825454,Web-Server-01,CPU_usage,42.04,8,50
2026-04-05 02:56:26.825454,Web-Server-01,CPU_usage,43.76,8,50
2026-04-05 03:11:26.825454,Web-Server-01,CPU_usage,47.96,8,50
2026-04-05 03:26:26.825454,Web-Server-01,CPU_usage,42.3,8,50
2026-04-05 03:41:26.825454,Web-Server-01,CPU_usage,45.13,8,50
2026-04-05 03:56:26.825454,Web-Server-01,CPU_usage,47.31,8,50
2026-04-05 04:11:26.825454,Web-Server-01,CPU_usage,51.26,8,50
2026-04-05 04:26:26.825454,Web-Server-01,CPU_usage,53.0,8,50
2026-04-05 04:41:26.825454,Web-Server-01,CPU_usage,52.04,8,50
2026-04-05 04:56:26.825454,Web-Server-01,CPU_usage,51.17,8,50
2026-04-05 05:11:26.825454,Web-Server-01,CPU_usage,52.87,8,50
2026-04-05 05:26:26.825454,Web-Server-01,CPU_usage,60.77,8,50
2026-04-05 05:41:26.825454,Web-Server-01,CPU_usage,57.73,8,50
2026-04-05 05:56:26.825454,Web-Server-01,CPU_usage,59.58,8,50
2026-04-05 06:11:26.825454,Web-Server-01,CPU_usage,61.37,8,50
2026-04-05 06:26:26.825454,Web-Server-01,CPU_usage,56.02,8,50
2026-04-05 06:41:26.825454,Web-Server-01,CPU_usage,58.67,8,50
2026-04-05 06:56:26.825454,Web-Server-01,CPU_usage,63.62,8,50
2026-04-05 07:11:26.825454,Web-Server-01,CPU_usage,63.53,8,50
2026-04-05 07:26:26.825454,Web-Server-01,CPU_usage,58.24,8,50
2026-04-05 07:41:26.825454,Web-Server-01,CPU_usage,59.83,8,50
2026-04-05 07:56:26.825454,Web-Server-01,CPU_usage,62.63,8,50
2026-04-05 08:11:26.825454,Web-Server-01,CPU_usage,60.06,8,50
2026-04-05 08:26:26.825454,Web-Server-01,CPU_usage,68.0,8,50
2026-04-05 08:41:26.825454,Web-Server-01,CPU_usage,60.17,8,50
2026-04-05 08:56:26.825454,Web-Server-01,CPU_usage,60.19,8,50
2026-04-05 09:11:26.825454,Web-Server-01,CPU_usage,61.57,8,50
2026-04-05 09:26:26.825454,Web-Server-01,CPU_usage,62.72,8,50
2026-04-05 09:41:26.825454,Web-Server-01,CPU_usage,59.69,8,50
2026-04-05 09:56:26.825454,Web-Server-01,CPU_usage,58.04,8,50
2026-04-05 10:11:26.825454,Web-Server-01,CPU_usage,58.42,8,50
2026-04-05 10:26:26.825454,Web-Server-01,CPU_usage,62.6,8,50
2026-04-05 10:41:26.825454,Web-Server-01,CPU_usage,59.86,8,50
2026-04-05 10:56:26.825454,Web-Server-01,CPU_usage,60.51,8,50
2026-04-05 11:11:26.825454,Web-Server-01,CPU_usage,59.73,8,50
2026-04-05 11:26:26.825454,Web-Server-01,CPU_usage,62.3,8,50
2026-04-05 11:41:26.825454,Web-Server-01,CPU_usage,54.46,8,50
2026-04-05 11:56:26.825454,Web-Server-01,CPU_usage,55.48,8,50
2026-04-05 12:11:26.825454,Web-Server-01,CPU_usage,53.74,8,50
2026-04-05 12:26:26.825454,Web-Server-01,CPU_usage,52.2,8,50
2026-04-05 12:41:26.825454,Web-Server-01,CPU_usage,57.28,8,50
2026-04-05 12:56:26.825454,Web-Server-01,CPU_usage,52.68,8,50
2026-04-05 13:11:26.825454,Web-Server-01,CPU_usage,43.9,8,50
2026-04-05 13:26:26.825454,Web-Server-01,CPU_usage,47.74,8,50
2026-04-05 13:41:26.825454,Web-Server-01,CPU_usage,48.16,8,50
2026-04-05 13:56:26.825454,Web-Server-01,CPU_usage,50.01,8,50
2026-04-05 14:11:26.825454,Web-Server-01,CPU_usage,41.86,8,50
2026-04-05 14:26:26.825454,Web-Server-01,CPU_usage,38.83,8,50
2026-04-05 14:41:26.825454,Web-Server-01,CPU_usage,44.64,8,50
2026-04-05 14:56:26.825454,Web-Server-01,CPU_usage,38.64,8,50
2026-04-05 15:11:26.825454,Web-Server-01,CPU_usage,44.89,8,50
2026-04-05 15:26:26.825454,Web-Server-01,CPU_usage,34.37,8,50
2026-04-05 15:41:26.825454,Web-Server-01,CPU_usage,33.06,8,50
2026-04-05 15:56:26.825454,Web-Server-01,CPU_usage,37.12,8,50
2026-04-05 16:11:26.825454,Web-Server-01,CPU_usage,35.49,8,50
2026-04-05 16:26:26.825454,Web-Server-01,CPU_usage,31.95,8,50
2026-04-05 16:41:26.825454,Web-Server-01,CPU_usage,30.72,8,50
2026-04-05 16:56:26.825454,Web-Server-01,CPU_usage,32.54,8,50
2026-04-05 17:11:26.825454,Web-Server-01,CPU_usage,29.92,8,50
2026-04-05 17:26:26.825454,Web-Server-01,CPU_usage,39.68,8,50
2026-04-05 17:41:26.825454,Web-Server-01,CPU_usage,27.49,8,50
2026-04-05 17:56:26.825454,Web-Server-01,CPU_usage,35.17,8,50
2026-04-05 18:11:26.825454,Web-Server-01,CPU_usage,25.82,8,50
2026-04-05 18:26:26.825454,Web-Server-01,CPU_usage,29.35,8,50
2026-04-05 18:41:26.825454,Web-Server-01,CPU_usage,20.55,8,50
2026-04-05 18:56:26.825454,Web-Server-01,CPU_usage,27.75,8,50
2026-04-05 19:11:26.825454,Web-Server-01,CPU_usage,27.85,8,50
2026-04-05 19:26:26.825454,Web-Server-01,CPU_usage,22.86,8,50
2026-04-05 19:41:26.825454,Web-Server-01,CPU_usage,17.11,8,50
2026-04-05 19:56:26.825454,Web-Server-01,CPU_usage,23.8,8,50
2026-04-05 20:11:26.825454,Web-Server-01,CPU_usage,24.44,8,50
2026-04-05 20:26:26.825454,Web-Server-01,CPU_usage,26.22,8,50
2026-04-05 20:41:26.825454,Web-Server-01,CPU_usage,22.94,8,50
2026-04-05 20:56:26.825454,Web-Server-01,CPU_usage,17.74,8,50
2026-04-05 21:11:26.825454,Web-Server-01,CPU_usage,24.36,8,50
2026-04-05 21:26:26.825454,Web-Server-01,CPU_usage,18.2,8,50
2026-04-05 21:41:26.825454,Web-Server-01,CPU_usage,27.72,8,50
2026-04-05 21:56:26.825454,Web-Server-01,CPU_usage,28.87,8,50
2026-04-05 22:11:26.825454,Web-Server-01,CPU_usage,28.43,8,50
2026-04-05 22:26:26.825454,Web-Server-01,CPU_usage,27.44,8,50
2026-04-05 22:41:26.825454,Web-Server-01,CPU_usage,29.78,8,50
2026-04-05 22:56:26.825454,Web-Server-01,CPU_usage,28.56,8,50
2026-04-05 23:11:26.825454,Web-Server-01,CPU_usage,23.69,8,50
2026-04-05 23:26:26.825454,Web-Server-01,CPU_usage,27.04,8,50
2026-04-05 23:41:26.825454,Web-Server-01,CPU_usage,32.59,8,50
2026-04-05 23:56:26.825454,Web-Server-01,CPU_usage,33.91,8,50
2026-04-06 00:11:26.825454,Web-Server-01,CPU_usage,31.35,8,50
2026-04-06 00:26:26.825454,Web-Server-01,CPU_usage,31.67,8,50
2026-04-06 00:41:26.825454,Web-Server-01,CPU_usage,32.31,8,50
2026-04-06 00:56:26.825454,Web-Server-01,CPU_usage,29.18,8,50
2026-04-06 01:11:26.825454,Web-Server-01,CPU_usage,38.14,8,50
2026-04-06 01:26:26.825454,Web-Server-01,CPU_usage,35.1,8,50
2026-04-06 01:41:26.825454,Web-Server-01,CPU_usage,40.94,8,50
2026-04-06 01:56:26.825454,Web-Server-01,CPU_usage,36.45,8,50
2026-04-06 02:11:26.825454,Web-Server-01,CPU_usage,45.29,8,50
2026-04-06 02:26:26.825454,Web-Server-01,CPU_usage,39.48,8,50
2026-04-06 02:41:26.825454,Web-Server-01,CPU_usage,46.58,8,50
2026-04-06 02:56:26.825454,Web-Server-01,CPU_usage,39.85,8,50
2026-04-06 03:11:26.825454,Web-Server-01,CPU_usage,44.75,8,50
2026-04-06 03:26:26.825454,Web-Server-01,CPU_usage,46.33,8,50
2026-04-06 03:41:26.825454,Web-Server-01,CPU_usage,49.31,8,50
2026-04-06 03:56:26.825454,Web-Server-01,CPU_usage,50.48,8,50
2026-04-06 04:11:26.825454,Web-Server-01,CPU_usage,55.81,8,50
2026-04-06 04:26:26.825454,Web-Server-01,CPU_usage,57.41,8,50
2026-04-06 04:41:26.825454,Web-Server-01,CPU_usage,46.28,8,50
2026-04-06 04:56:26.825454,Web-Server-01,CPU_usage,53.26,8,50
2026-04-06 05:11:26.825454,Web-Server-01,CPU_usage,63.5,8,50
2026-04-06 05:26:26.825454,Web-Server-01,CPU_usage,61.07,8,50
2026-04-06 05:41:26.825454,Web-Server-01,CPU_usage,55.17,8,50
2026-04-06 05:56:26.825454,Web-Server-01,CPU_usage,59.69,8,50
2026-04-06 06:11:26.825454,Web-Server-01,CPU_usage,62.25,8,50
2026-04-06 06:26:26.825454,Web-Server-01,CPU_usage,63.14,8,50
2026-04-06 06:41:26.825454,Web-Server-01,CPU_usage,64.11,8,50
2026-04-06 06:56:26.825454,Web-Server-01,CPU_usage,65.54,8,50
2026-04-06 07:11:26.825454,Web-Server-01,CPU_usage,60.98,8,50
2026-04-06 07:26:26.825454,Web-Server-01,CPU_usage,59.7,8,50
2026-04-06 07:41:26.825454,Web-Server-01,CPU_usage,62.85,8,50
2026-04-06 07:56:26.825454,Web-Server-01,CPU_usage,62.95,8,50
2026-04-06 08:11:26.825454,Web-Server-01,CPU_usage,67.38,8,50
2026-04-06 08:26:26.825454,Web-Server-01,CPU_usage,65.57,8,50
2026-04-06 08:41:26.825454,Web-Server-01,CPU_usage,67.01,8,50
2026-04-06 08:56:26.825454,Web-Server-01,CPU_usage,60.41,8,50
2026-04-06 09:11:26.825454,Web-Server-01,CPU_usage,65.07,8,50
2026-04-06 09:26:26.825454,Web-Server-01,CPU_usage,68.61,8,50
2026-04-06 09:41:26.825454,Web-Server-01,CPU_usage,63.42,8,50
2026-04-06 09:56:26.825454,Web-Server-01,CPU_usage,61.97,8,50
2026-04-06 10:11:26.825454,Web-Server-01,CPU_usage,62.03,8,50
2026-04-06 10:26:26.825454,Web-Server-01,CPU_usage,59.58,8,50
2026-04-06 10:41:26.825454,Web-Server-01,CPU_usage,62.3,8,50
2026-04-06 10:56:26.825454,Web-Server-01,CPU_usage,62.25,8,50
2026-04-06 11:11:26.825454,Web-Server-01,CPU_usage,57.0,8,50
2026-04-06 11:26:26.825454,Web-Server-01,CPU_usage,59.63,8,50
2026-04-06 11:41:26.825454,Web-Server-01,CPU_usage,59.33,8,50
2026-04-06 11:56:26.825454,Web-Server-01,CPU_usage,58.46,8,50
2026-04-06 12:11:26.825454,Web-Server-01,CPU_usage,56.29,8,50
2026-04-06 12:26:26.825454,Web-Server-01,CPU_usage,53.09,8,50
2026-04-06 12:41:26.825454,Web-Server-01,CPU_usage,54.73,8,50
2026-04-06 12:56:26.825454,Web-Server-01,CPU_usage,52.82,8,50
2026-04-06 13:11:26.825454,Web-Server-01,CPU_usage,49.34,8,50
2026-04-06 13:26:26.825454,Web-Server-01,CPU_usage,52.49,8,50
2026-04-06 13:41:26.825454,Web-Server-01,CPU_usage,49.57,8,50
2026-04-06 13:56:26.825454,Web-Server-01,CPU_usage,48.61,8,50
2026-04-06 14:11:26.825454,Web-Server-01,CPU_usage,43.13,8,50
2026-04-06 14:26:26.825454,Web-Server-01,CPU_usage,46.29,8,50
2026-04-06 14:41:26.825454,Web-Server-01,CPU_usage,41.67,8,50
2026-04-06 14:56:26.825454,Web-Server-01,CPU_usage,38.07,8,50
2026-04-06 15:11:26.825454,Web-Server-01,CPU_usage,39.54,8,50
2026-04-06 15:26:26.825454,Web-Server-01,CPU_usage,39.85,8,50
2026-04-06 15:41:26.825454,Web-Server-01,CPU_usage,44.46,8,50
2026-04-06 15:56:26.825454,Web-Server-01,CPU_usage,41.95,8,50
2026-04-06 16:11:26.825454,Web-Server-01,CPU_usage,27.2,8,50
2026-04-06 16:26:26.825454,Web-Server-01,CPU_usage,35.23,8,50
2026-04-06 16:41:26.825454,Web-Server-01,CPU_usage,37.05,8,50
2026-04-06 16:56:26.825454,Web-Server-01,CPU_usage,36.47,8,50
2026-04-06 17:11:26.825454,Web-Server-01,CPU_usage,28.94,8,50
2026-04-06 17:26:26.825454,Web-Server-01,CPU_usage,28.97,8,50
2026-04-06 17:41:26.825454,Web-Server-01,CPU_usage,31.54,8,50
2026-04-06 17:56:26.825454,Web-Server-01,CPU_usage,35.78,8,50
2026-04-06 18:11:26.825454,Web-Server-01,CPU_usage,30.33,8,50
2026-04-06 18:26:26.825454,Web-Server-01,CPU_usage,28.23,8,50
2026-04-06 18:41:26.825454,Web-Server-01,CPU_usage,32.4,8,50
2026-04-06 18:56:26.825454,Web-Server-01,CPU_usage,25.4,8,50
2026-04-06 19:11:26.825454,Web-Server-01,CPU_usage,24.55,8,50
2026-04-06 19:26:26.825454,Web-Server-01,CPU_usage,27.17,8,50
2026-04-06 19:41:26.825454,Web-Server-01,CPU_usage,23.51,8,50
2026-04-06 19:56:26.825454,Web-Server-01,CPU_usage,30.48,8,50
2026-04-06 20:11:26.825454,Web-Server-01,CPU_usage,20.72,8,50
2026-04-06 20:26:26.825454,Web-Server-01,CPU_usage,28.82,8,50
2026-04-06 20:41:26.825454,Web-Server-01,CPU_usage,22.7,8,50
2026-04-06 20:56:26.825454,Web-Server-01,CPU_usage,20.03,8,50
2026-04-06 21:11:26.825454,Web-Server-01,CPU_usage,24.35,8,50
2026-04-06 21:26:26.825454,Web-Server-01,CPU_usage,26.31,8,50
2026-04-06 21:41:26.825454,Web-Server-01,CPU_usage,25.95,8,50
2026-04-06 21:56:26.825454,Web-Server-01,CPU_usage,29.8,8,50
2026-04-06 22:11:26.825454,Web-Server-01,CPU_usage,31.57,8,50
2026-04-06 22:26:26.825454,Web-Server-01,CPU_usage,24.25,8,50
2026-04-06 22:41:26.825454,Web-Server-01,CPU_usage,29.31,8,50
2026-04-06 22:56:26.825454,Web-Server-01,CPU_usage,29.43,8,50
2026-04-06 23:11:26.825454,Web-Server-01,CPU_usage,29.92,8,50
2026-04-06 23:26:26.825454,Web-Server-01,CPU_usage,27.45,8,50
2026-04-06 23:41:26.825454,Web-Server-01,CPU_usage,30.29,8,50
2026-04-06 23:56:26.825454,Web-Server-01,CPU_usage,29.87,8,50
2026-04-07 00:11:26.825454,Web-Server-01,CPU_usage,42.62,8,50
2026-04-07 00:26:26.825454,Web-Server-01,CPU_usage,29.65,8,50
2026-04-07 00:41:26.825454,Web-Server-01,CPU_usage,38.52,8,50
2026-04-07 00:56:26.825454,Web-Server-01,CPU_usage,38.05,8,50
2026-04-07 01:11:26.825454,Web-Server-01,CPU_usage,42.93,8,50
2026-04-07 01:26:26.825454,Web-Server-01,CPU_usage,43.82,8,50
2026-04-07 01:41:26.825454,Web-Server-01,CPU_usage,38.98,8,50
2026-04-07 01:56:26.825454,Web-Server-01,CPU_usage,40.15,8,50
2026-04-07 02:11:26.825454,Web-Server-01,CPU_usage,37.82,8,50
2026-04-07 02:26:26.825454,Web-Server-01,CPU_usage,46.67,8,50
2026-04-07 02:41:26.825454,Web-Server-01,CPU_usage,44.0,8,50
2026-04-07 02:56:26.825454,Web-Server-01,CPU_usage,45.69,8,50
2026-04-07 03:11:26.825454,Web-Server-01,CPU_usage,54.33,8,50
2026-04-07 03:26:26.825454,Web-Server-01,CPU_usage,49.21,8,50
2026-04-07 03:41:26.825454,Web-Server-01,CPU_usage,53.95,8,50
2026-04-07 03:56:26.825454,Web-Server-01,CPU_usage,54.19,8,50
2026-04-07 04:11:26.825454,Web-Server-01,CPU_usage,58.04,8,50
2026-04-07 04:26:26.825454,Web-Server-01,CPU_usage,56.86,8,50
2026-04-07 04:41:26.825454,Web-Server-01,CPU_usage,55.63,8,50
2026-04-07 04:56:26.825454,Web-Server-01,CPU_usage,58.6,8,50
2026-04-07 05:11:26.825454,Web-Server-01,CPU_usage,65.73,8,50
2026-04-07 05:26:26.825454,Web-Server-01,CPU_usage,58.74,8,50
2026-04-07 05:41:26.825454,Web-Server-01,CPU_usage,65.91,8,50
2026-04-07 05:56:26.825454,Web-Server-01,CPU_usage,61.65,8,50
2026-04-07 06:11:26.825454,Web-Server-01,CPU_usage,68.84,8,50
2026-04-07 06:26:26.825454,Web-Server-01,CPU_usage,59.42,8,50
2026-04-07 06:41:26.825454,Web-Server-01,CPU_usage,63.49,8,50
2026-04-07 06:56:26.825454,Web-Server-01,CPU_usage,62.41,8,50
2026-04-07 07:11:26.825454,Web-Server-01,CPU_usage,66.57,8,50
2026-04-07 07:26:26.825454,Web-Server-01,CPU_usage,63.32,8,50
2026-04-07 07:41:26.825454,Web-Server-01,CPU_usage,61.67,8,50
2026-04-07 07:56:26.825454,Web-Server-01,CPU_usage,60.65,8,50
2026-04-07 08:11:26.825454,Web-Server-01,CPU_usage,63.17,8,50
2026-04-07 08:26:26.825454,Web-Server-01,CPU_usage,65.62,8,50
2026-04-07 08:41:26.825454,Web-Server-01,CPU_usage,63.49,8,50
2026-04-07 08:56:26.825454,Web-Server-01,CPU_usage,64.47,8,50
2026-04-07 09:11:26.825454,Web-Server-01,CPU_usage,64.26,8,50
2026-04-07 09:26:26.825454,Web-Server-01,CPU_usage,65.86,8,50
2026-04-07 09:41:26.825454,Web-Server-01,CPU_usage,63.03,8,50
2026-04-07 09:56:26.825454,Web-Server-01,CPU_usage,63.28,8,50
2026-04-07 10:11:26.825454,Web-Server-01,CPU_usage,62.14,8,50
2026-04-07 10:26:26.825454,Web-Server-01,CPU_usage,65.19,8,50
2026-04-07 10:41:26.825454,Web-Server-01,CPU_usage,59.09,8,50
2026-04-07 10:56:26.825454,Web-Server-01,CPU_usage,62.75,8,50
2026-04-07 11:11:26.825454,Web-Server-01,CPU_usage,57.48,8,50
2026-04-07 11:26:26.825454,Web-Server-01,CPU_usage,58.2,8,50
2026-04-07 11:41:26.825454,Web-Server-01,CPU_usage,57.73,8,50
2026-04-07 11:56:26.825454,Web-Server-01,CPU_usage,60.82,8,50
2026-04-07 12:11:26.825454,Web-Server-01,CPU_usage,58.8,8,50
2026-04-07 12:26:26.825454,Web-Server-01,CPU_usage,55.21,8,50
2026-04-07 12:41:26.825454,Web-Server-01,CPU_usage,57.79,8,50
2026-04-07 12:56:26.825454,Web-Server-01,CPU_usage,55.87,8,50
2026-04-07 13:11:26.825454,Web-Server-01,CPU_usage,49.08,8,50
2026-04-07 13:26:26.825454,Web-Server-01,CPU_usage,56.75,8,50
2026-04-07 13:41:26.825454,Web-Server-01,CPU_usage,61.32,8,50
2026-04-07 13:56:26.825454,Web-Server-01,CPU_usage,52.9,8,50
2026-04-07 14:11:26.825454,Web-Server-01,CPU_usage,44.56,8,50
2026-04-07 14:26:26.825454,Web-Server-01,CPU_usage,44.19,8,50
2026-04-07 14:41:26.825454,Web-Server-01,CPU_usage,48.9,8,50
2026-04-07 14:56:26.825454,Web-Server-01,CPU_usage,49.21,8,50
2026-04-07 15:11:26.825454,Web-Server-01,CPU_usage,42.74,8,50
2026-04-07 15:26:26.825454,Web-Server-01,CPU_usage,40.99,8,50
2026-04-07 15:41:26.825454,Web-Server-01,CPU_usage,46.83,8,50
2026-04-07 15:56:26.825454,Web-Server-01,CPU_usage,44.92,8,50
2026-04-07 16:11:26.825454,Web-Server-01,CPU_usage,36.75,8,50
2026-04-07 16:26:26.825454,Web-Server-01,CPU_usage,37.22,8,50
2026-04-07 16:41:26.825454,Web-Server-01,CPU_usage,38.04,8,50
2026-04-07 16:56:26.825454,Web-Server-01,CPU_usage,40.83,8,50
2026-04-07 17:11:26.825454,Web-Server-01,CPU_usage,31.35,8,50
2026-04-07 17:26:26.825454,Web-Server-01,CPU_usage,34.46,8,50
2026-04-07 17:41:26.825454,Web-Server-01,CPU_usage,32.99,8,50
2026-04-07 17:56:26.825454,Web-Server-01,CPU_usage,31.37,8,50
2026-04-07 18:11:26.825454,Web-Server-01,CPU_usage,24.19,8,50
2026-04-07 18:26:26.825454,Web-Server-01,CPU_usage,26.81,8,50
2026-04-07 18:41:26.825454,Web-Server-01,CPU_usage,28.61,8,50
2026-04-07 18:56:26.825454,Web-Server-01,CPU_usage,32.94,8,50
2026-04-07 19:11:26.825454,Web-Server-01,CPU_usage,25.58,8,50
2026-04-07 19:26:26.825454,Web-Server-01,CPU_usage,28.39,8,50
2026-04-07 19:41:26.825454,Web-Server-01,CPU_usage,24.43,8,50
2026-04-07 19:56:26.825454,Web-Server-01,CPU_usage,26.24,8,50
2026-04-07 20:11:26.825454,Web-Server-01,CPU_usage,27.36,8,50
2026-04-07 20:26:26.825454,Web-Server-01,CPU_usage,23.31,8,50
2026-04-07 20:41:26.825454,Web-Server-01,CPU_usage,23.99,8,50
2026-04-07 20:56:26.825454,Web-Server-01,CPU_usage,26.3,8,50
2026-04-07 21:11:26.825454,Web-Server-01,CPU_usage,27.74,8,50
2026-04-07 21:26:26.825454,Web-Server-01,CPU_usage,28.92,8,50
2026-04-07 21:41:26.825454,Web-Server-01,CPU_usage,25.95,8,50
2026-04-07 21:56:26.825454,Web-Server-01,CPU_usage,35.37,8,50
2026-04-07 22:11:26.825454,Web-Server-01,CPU_usage,30.54,8,50
2026-04-07 22:26:26.825454,Web-Server-01,CPU_usage,23.88,8,50
2026-04-07 22:41:26.825454,Web-Server-01,CPU_usage,30.42,8,50
2026-04-07 22:56:26.825454,Web-Server-01,CPU_usage,28.62,8,50
2026-04-07 23:11:26.825454,Web-Server-01,CPU_usage,37.12,8,50
2026-04-07 23:26:26.825454,Web-Server-01,CPU_usage,26.24,8,50
2026-04-07 23:41:26.825454,Web-Server-01,CPU_usage,33.43,8,50
2026-04-07 23:56:26.825454,Web-Server-01,CPU_usage,31.55,8,50
2026-04-08 00:11:26.825454,Web-Server-01,CPU_usage,39.15,8,50
2026-04-08 00:26:26.825454,Web-Server-01,CPU_usage,32.65,8,50
2026-04-08 00:41:26.825454,Web-Server-01,CPU_usage,39.21,8,50
2026-04-08 00:56:26.825454,Web-Server-01,CPU_usage,36.92,8,50
2026-04-08 01:11:26.825454,Web-Server-01,CPU_usage,43.58,8,50
2026-04-08 01:26:26.825454,Web-Server-01,CPU_usage,40.85,8,50
2026-04-08 01:41:26.825454,Web-Server-01,CPU_usage,46.36,8,50
2026-04-08 01:56:26.825454,Web-Server-01,CPU_usage,38.65,8,50
2026-04-08 02:11:26.825454,Web-Server-01,CPU_usage,49.04,8,50
2026-04-08 02:26:26.825454,Web-Server-01,CPU_usage,44.04,8,50
2026-04-08 02:41:26.825454,Web-Server-01,CPU_usage,53.19,8,50
2026-04-08 02:56:26.825454,Web-Server-01,CPU_usage,50.58,8,50
2026-04-08 03:11:26.825454,Web-Server-01,CPU_usage,52.67,8,50
2026-04-08 03:26:26.825454,Web-Server-01,CPU_usage,49.22,8,50
2026-04-08 03:41:26.825454,Web-Server-01,CPU_usage,56.09,8,50
2026-04-08 03:56:26.825454,Web-Server-01,CPU_usage,56.43,8,50
2026-04-08 04:11:26.825454,Web-Server-01,CPU_usage,56.59,8,50
2026-04-08 04:26:26.825454,Web-Server-01,CPU_usage,60.61,8,50
2026-04-08 04:41:26.825454,Web-Server-01,CPU_usage,56.39,8,50
2026-04-08 04:56:26.825454,Web-Server-01,CPU_usage,56.17,8,50
2026-04-08 05:11:26.825454,Web-Server-01,CPU_usage,59.41,8,50
2026-04-08 05:26:26.825454,Web-Server-01,CPU_usage,56.52,8,50
2026-04-08 05:41:26.825454,Web-Server-01,CPU_usage,62.53,8,50
2026-04-08 05:56:26.825454,Web-Server-01,CPU_usage,57.86,8,50
2026-04-08 06:11:26.825454,Web-Server-01,CPU_usage,64.75,8,50
2026-04-08 06:26:26.825454,Web-Server-01,CPU_usage,63.78,8,50
2026-04-08 06:41:26.825454,Web-Server-01,CPU_usage,60.33,8,50
2026-04-08 06:56:26.825454,Web-Server-01,CPU_usage,68.72,8,50
2026-04-08 07:11:26.825454,Web-Server-01,CPU_usage,68.65,8,50
2026-04-08 07:26:26.825454,Web-Server-01,CPU_usage,65.23,8,50
2026-04-08 07:41:26.825454,Web-Server-01,CPU_usage,64.43,8,50
2026-04-08 07:56:26.825454,Web-Server-01,CPU_usage,66.14,8,50
2026-04-08 08:11:26.825454,Web-Server-01,CPU_usage,70.76,8,50
2026-04-08 08:26:26.825454,Web-Server-01,CPU_usage,70.38,8,50
2026-04-08 08:41:26.825454,Web-Server-01,CPU_usage,64.58,8,50
2026-04-08 08:56:26.825454,Web-Server-01,CPU_usage,68.2,8,50
2026-04-08 09:11:26.825454,Web-Server-01,CPU_usage,68.35,8,50
2026-04-08 09:26:26.825454,Web-Server-01,CPU_usage,67.09,8,50
2026-04-08 09:41:26.825454,Web-Server-01,CPU_usage,69.48,8,50
2026-04-08 09:56:26.825454,Web-Server-01,CPU_usage,62.89,8,50
2026-04-08 10:11:26.825454,Web-Server-01,CPU_usage,66.2,8,50
2026-04-08 10:26:26.825454,Web-Server-01,CPU_usage,66.76,8,50
2026-04-08 10:41:26.825454,Web-Server-01,CPU_usage,61.72,8,50
2026-04-08 10:56:26.825454,Web-Server-01,CPU_usage,66.32,8,50
2026-04-08 11:11:26.825454,Web-Server-01,CPU_usage,62.8,8,50
2026-04-08 11:26:26.825454,Web-Server-01,CPU_usage,62.21,8,50
2026-04-08 11:41:26.825454,Web-Server-01,CPU_usage,59.12,8,50
2026-04-08 11:56:26.825454,Web-Server-01,CPU_usage,64.69,8,50
2026-04-08 12:11:26.825454,Web-Server-01,CPU_usage,62.14,8,50
2026-04-08 12:26:26.825454,Web-Server-01,CPU_usage,68.39,8,50
2026-04-08 12:41:26.825454,Web-Server-01,CPU_usage,58.52,8,50
2026-04-08 12:56:26.825454,Web-Server-01,CPU_usage,57.56,8,50
2026-04-08 13:11:26.825454,Web-Server-01,CPU_usage,50.87,8,50
2026-04-08 13:26:26.825454,Web-Server-01,CPU_usage,52.13,8,50
2026-04-08 13:41:26.825454,Web-Server-01,CPU_usage,54.94,8,50
2026-04-08 13:56:26.825454,Web-Server-01,CPU_usage,45.95,8,50
2026-04-08 14:11:26.825454,Web-Server-01,CPU_usage,50.79,8,50
2026-04-08 14:26:26.825454,Web-Server-01,CPU_usage,52.79,8,50
2026-04-08 14:41:26.825454,Web-Server-01,CPU_usage,49.47,8,50
2026-04-08 14:56:26.825454,Web-Server-01,CPU_usage,43.47,8,50
2026-04-08 15:11:26.825454,Web-Server-01,CPU_usage,45.99,8,50
2026-04-08 15:26:26.825454,Web-Server-01,CPU_usage,42.05,8,50
2026-04-08 15:41:26.825454,Web-Server-01,CPU_usage,45.48,8,50
2026-04-08 15:56:26.825454,Web-Server-01,CPU_usage,45.67,8,50
2026-04-08 16:11:26.825454,Web-Server-01,CPU_usage,35.58,8,50
2026-04-08 16:26:26.825454,Web-Server-01,CPU_usage,38.47,8,50
2026-04-08 16:41:26.825454,Web-Server-01,CPU_usage,41.07,8,50
2026-04-08 16:56:26.825454,Web-Server-01,CPU_usage,41.05,8,50
2026-04-08 17:11:26.825454,Web-Server-01,CPU_usage,37.45,8,50
2026-04-08 17:26:26.825454,Web-Server-01,CPU_usage,33.86,8,50
2026-04-08 17:41:26.825454,Web-Server-01,CPU_usage,36.07,8,50
2026-04-08 17:56:26.825454,Web-Server-01,CPU_usage,32.13,8,50
2026-04-08 18:11:26.825454,Web-Server-01,CPU_usage,31.0,8,50
2026-04-08 18:26:26.825454,Web-Server-01,CPU_usage,31.9,8,50
2026-04-08 18:41:26.825454,Web-Server-01,CPU_usage,31.07,8,50
2026-04-08 18:56:26.825454,Web-Server-01,CPU_usage,32.16,8,50
2026-04-08 19:11:26.825454,Web-Server-01,CPU_usage,24.51,8,50
2026-04-08 19:26:26.825454,Web-Server-01,CPU_usage,25.73,8,50
2026-04-08 19:41:26.825454,Web-Server-01,CPU_usage,28.67,8,50
2026-04-08 19:56:26.825454,Web-Server-01,CPU_usage,29.61,8,50
2026-04-08 20:11:26.825454,Web-Server-01,CPU_usage,23.97,8,50
2026-04-08 20:26:26.825454,Web-Server-01,CPU_usage,28.47,8,50
2026-04-08 20:41:26.825454,Web-Server-01,CPU_usage,29.44,8,50
2026-04-08 20:56:26.825454,Web-Server-01,CPU_usage,31.38,8,50
2026-04-08 21:11:26.825454,Web-Server-01,CPU_usage,27.51,8,50
2026-04-08 21:26:26.825454,Web-Server-01,CPU_usage,32.65,8,50
2026-04-08 21:41:26.825454,Web-Server-01,CPU_usage,26.77,8,50
2026-04-08 21:56:26.825454,Web-Server-01,CPU_usage,24.77,8,50
2026-04-08 22:11:26.825454,Web-Server-01,CPU_usage,33.36,8,50
2026-04-08 22:26:26.825454,Web-Server-01,CPU_usage,33.41,8,50
2026-04-08 22:41:26.825454,Web-Server-01,CPU_usage,36.03,8,50
2026-04-08 22:56:26.825454,Web-Server-01,CPU_usage,32.17,8,50
2026-04-08 23:11:26.825454,Web-Server-01,CPU_usage,29.81,8,50
2026-04-08 23:26:26.825454,Web-Server-01,CPU_usage,30.38,8,50
2026-04-08 23:41:26.825454,Web-Server-01,CPU_usage,32.07,8,50
2026-04-08 23:56:26.825454,Web-Server-01,CPU_usage,38.69,8,50
2026-04-09 00:11:26.825454,Web-Server-01,CPU_usage,33.97,8,50
2026-04-09 00:26:26.825454,Web-Server-01,CPU_usage,40.76,8,50
2026-04-09 00:41:26.825454,Web-Server-01,CPU_usage,40.92,8,50
2026-04-09 00:56:26.825454,Web-Server-01,CPU_usage,41.5,8,50
2026-04-09 01:11:26.825454,Web-Server-01,CPU_usage,44.06,8,50
2026-04-09 01:26:26.825454,Web-Server-01,CPU_usage,44.41,8,50
2026-04-09 01:41:26.825454,Web-Server-01,CPU_usage,45.66,8,50
2026-04-09 01:56:26.825454,Web-Server-01,CPU_usage,45.99,8,50
2026-04-09 02:11:26.825454,Web-Server-01,CPU_usage,47.51,8,50
2026-04-09 02:26:26.825454,Web-Server-01,CPU_usage,44.09,8,50
2026-04-09 02:41:26.825454,Web-Server-01,CPU_usage,47.58,8,50
2026-04-09 02:56:26.825454,Web-Server-01,CPU_usage,55.08,8,50
2026-04-09 03:11:26.825454,Web-Server-01,CPU_usage,52.55,8,50
2026-04-09 03:26:26.825454,Web-Server-01,CPU_usage,55.4,8,50
2026-04-09 03:41:26.825454,Web-Server-01,CPU_usage,54.65,8,50
2026-04-09 03:56:26.825454,Web-Server-01,CPU_usage,58.66,8,50
2026-04-09 04:11:26.825454,Web-Server-01,CPU_usage,57.83,8,50
2026-04-09 04:26:26.825454,Web-Server-01,CPU_usage,59.35,8,50
2026-04-09 04:41:26.825454,Web-Server-01,CPU_usage,61.89,8,50
2026-04-09 04:56:26.825454,Web-Server-01,CPU_usage,59.57,8,50
2026-04-09 05:11:26.825454,Web-Server-01,CPU_usage,65.99,8,50
2026-04-09 05:26:26.825454,Web-Server-01,CPU_usage,66.93,8,50
2026-04-09 05:41:26.825454,Web-Server-01,CPU_usage,67.32,8,50
2026-04-09 05:56:26.825454,Web-Server-01,CPU_usage,62.19,8,50
2026-04-09 06:11:26.825454,Web-Server-01,CPU_usage,63.25,8,50
2026-04-09 06:26:26.825454,Web-Server-01,CPU_usage,65.91,8,50
2026-04-09 06:41:26.825454,Web-Server-01,CPU_usage,64.22,8,50
2026-04-09 06:56:26.825454,Web-Server-01,CPU_usage,69.85,8,50
2026-04-09 07:11:26.825454,Web-Server-01,CPU_usage,68.56,8,50
2026-04-09 07:26:26.825454,Web-Server-01,CPU_usage,69.35,8,50
2026-04-09 07:41:26.825454,Web-Server-01,CPU_usage,60.25,8,50
2026-04-09 07:56:26.825454,Web-Server-01,CPU_usage,68.07,8,50
2026-04-09 08:11:26.825454,Web-Server-01,CPU_usage,69.53,8,50
2026-04-09 08:26:26.825454,Web-Server-01,CPU_usage,72.29,8,50
2026-04-09 08:41:26.825454,Web-Server-01,CPU_usage,73.7,8,50
2026-04-09 08:56:26.825454,Web-Server-01,CPU_usage,71.97,8,50
2026-04-09 09:11:26.825454,Web-Server-01,CPU_usage,66.16,8,50
2026-04-09 09:26:26.825454,Web-Server-01,CPU_usage,64.57,8,50
2026-04-09 09:41:26.825454,Web-Server-01,CPU_usage,68.78,8,50
2026-04-09 09:56:26.825454,Web-Server-01,CPU_usage,70.81,8,50
2026-04-09 10:11:26.825454,Web-Server-01,CPU_usage,70.74,8,50
2026-04-09 10:26:26.825454,Web-Server-01,CPU_usage,65.94,8,50
2026-04-09 10:41:26.825454,Web-Server-01,CPU_usage,70.01,8,50
2026-04-09 10:56:26.825454,Web-Server-01,CPU_usage,69.09,8,50
2026-04-09 11:11:26.825454,Web-Server-01,CPU_usage,62.55,8,50
2026-04-09 11:26:26.825454,Web-Server-01,CPU_usage,56.97,8,50
2026-04-09 11:41:26.825454,Web-Server-01,CPU_usage,61.49,8,50
2026-04-09 11:56:26.825454,Web-Server-01,CPU_usage,61.86,8,50
2026-04-09 12:11:26.825454,Web-Server-01,CPU_usage,57.04,8,50
2026-04-09 12:26:26.825454,Web-Server-01,CPU_usage,60.1,8,50
2026-04-09 12:41:26.825454,Web-Server-01,CPU_usage,60.59,8,50
2026-04-09 12:56:26.825454,Web-Server-01,CPU_usage,55.46,8,50
2026-04-09 13:11:26.825454,Web-Server-01,CPU_usage,58.94,8,50
2026-04-09 13:26:26.825454,Web-Server-01,CPU_usage,57.63,8,50
2026-04-09 13:41:26.825454,Web-Server-01,CPU_usage,47.33,8,50
2026-04-09 13:56:26.825454,Web-Server-01,CPU_usage,54.87,8,50
2026-04-09 14:11:26.825454,Web-Server-01,CPU_usage,47.1,8,50
2026-04-09 14:26:26.825454,Web-Server-01,CPU_usage,55.29,8,50
2026-04-09 14:41:26.825454,Web-Server-01,CPU_usage,49.48,8,50
2026-04-09 14:56:26.825454,Web-Server-01,CPU_usage,53.97,8,50
2026-04-09 15:11:26.825454,Web-Server-01,CPU_usage,44.48,8,50
2026-04-09 15:26:26.825454,Web-Server-01,CPU_usage,40.23,8,50
2026-04-09 15:41:26.825454,Web-Server-01,CPU_usage,45.54,8,50
2026-04-09 15:56:26.825454,Web-Server-01,CPU_usage,48.31,8,50
2026-04-09 16:11:26.825454,Web-Server-01,CPU_usage,42.13,8,50
2026-04-09 16:26:26.825454,Web-Server-01,CPU_usage,40.64,8,50
2026-04-09 16:41:26.825454,Web-Server-01,CPU_usage,38.29,8,50
2026-04-09 16:56:26.825454,Web-Server-01,CPU_usage,40.14,8,50
2026-04-09 17:11:26.825454,Web-Server-01,CPU_usage,38.85,8,50
2026-04-09 17:26:26.825454,Web-Server-01,CPU_usage,37.9,8,50
2026-04-09 17:41:26.825454,Web-Server-01,CPU_usage,42.22,8,50
2026-04-09 17:56:26.825454,Web-Server-01,CPU_usage,31.61,8,50
2026-04-09 18:11:26.825454,Web-Server-01,CPU_usage,30.37,8,50
2026-04-09 18:26:26.825454,Web-Server-01,CPU_usage,28.98,8,50
2026-04-09 18:41:26.825454,Web-Server-01,CPU_usage,34.0,8,50
2026-04-09 18:56:26.825454,Web-Server-01,CPU_usage,35.41,8,50
2026-04-09 19:11:26.825454,Web-Server-01,CPU_usage,27.91,8,50
2026-04-09 19:26:26.825454,Web-Server-01,CPU_usage,34.36,8,50
2026-04-09 19:41:26.825454,Web-Server-01,CPU_usage,31.35,8,50
2026-04-09 19:56:26.825454,Web-Server-01,CPU_usage,34.74,8,50
2026-04-09 20:11:26.825454,Web-Server-01,CPU_usage,32.24,8,50
2026-04-09 20:26:26.825454,Web-Server-01,CPU_usage,39.6,8,50
2026-04-09 20:41:26.825454,Web-Server-01,CPU_usage,32.98,8,50
2026-04-09 20:56:26.825454,Web-Server-01,CPU_usage,32.96,8,50
2026-04-09 21:11:26.825454,Web-Server-01,CPU_usage,28.99,8,50
2026-04-09 21:26:26.825454,Web-Server-01,CPU_usage,37.71,8,50
2026-04-09 21:41:26.825454,Web-Server-01,CPU_usage,29.19,8,50
2026-04-09 21:56:26.825454,Web-Server-01,CPU_usage,31.56,8,50
2026-04-09 22:11:26.825454,Web-Server-01,CPU_usage,36.28,8,50
2026-04-09 22:26:26.825454,Web-Server-01,CPU_usage,35.44,8,50
2026-04-09 22:41:26.825454,Web-Server-01,CPU_usage,28.78,8,50
2026-04-09 22:56:26.825454,Web-Server-01,CPU_usage,41.42,8,50
2026-04-09 23:11:26.825454,Web-Server-01,CPU_usage,38.29,8,50
2026-04-09 23:26:26.825454,Web-Server-01,CPU_usage,40.54,8,50
2026-04-09 23:41:26.825454,Web-Server-01,CPU_usage,34.52,8,50
2026-04-09 23:56:26.825454,Web-Server-01,CPU_usage,38.6,8,50
2026-04-10 00:11:26.825454,Web-Server-01,CPU_usage,45.37,8,50
2026-04-10 00:26:26.825454,Web-Server-01,CPU_usage,41.51,8,50
2026-04-10 00:41:26.825454,Web-Server-01,CPU_usage,42.83,8,50
2026-04-10 00:56:26.825454,Web-Server-01,CPU_usage,44.46,8,50
2026-04-10 01:11:26.825454,Web-Server-01,CPU_usage,43.89,8,50
2026-04-10 01:26:26.825454,Web-Server-01,CPU_usage,40.32,8,50
2026-04-10 01:41:26.825454,Web-Server-01,CPU_usage,45.18,8,50
2026-04-10 01:56:26.825454,Web-Server-01,CPU_usage,47.89,8,50
2026-04-10 02:11:26.825454,Web-Server-01,CPU_usage,48.69,8,50
2026-04-10 02:26:26.825454,Web-Server-01,CPU_usage,51.45,8,50
2026-04-10 02:41:26.825454,Web-Server-01,CPU_usage,47.12,8,50
2026-04-10 02:56:26.825454,Web-Server-01,CPU_usage,46.28,8,50
2026-04-10 03:11:26.825454,Web-Server-01,CPU_usage,55.05,8,50
2026-04-10 03:26:26.825454,Web-Server-01,CPU_usage,62.19,8,50
2026-04-10 03:41:26.825454,Web-Server-01,CPU_usage,59.49,8,50
2026-04-10 03:56:26.825454,Web-Server-01,CPU_usage,56.8,8,50
2026-04-10 04:11:26.825454,Web-Server-01,CPU_usage,64.41,8,50
2026-04-10 04:26:26.825454,Web-Server-01,CPU_usage,58.72,8,50
2026-04-10 04:41:26.825454,Web-Server-01,CPU_usage,61.62,8,50
2026-04-10 04:56:26.825454,Web-Server-01,CPU_usage,61.33,8,50
2026-04-10 05:11:26.825454,Web-Server-01,CPU_usage,68.12,8,50
2026-04-10 05:26:26.825454,Web-Server-01,CPU_usage,67.62,8,50
2026-04-10 05:41:26.825454,Web-Server-01,CPU_usage,63.55,8,50
2026-04-10 05:56:26.825454,Web-Server-01,CPU_usage,66.01,8,50
2026-04-10 06:11:26.825454,Web-Server-01,CPU_usage,72.39,8,50
2026-04-10 06:26:26.825454,Web-Server-01,CPU_usage,69.31,8,50
2026-04-10 06:41:26.825454,Web-Server-01,CPU_usage,68.97,8,50
2026-04-10 06:56:26.825454,Web-Server-01,CPU_usage,71.87,8,50
2026-04-10 07:11:26.825454,Web-Server-01,CPU_usage,72.27,8,50
2026-04-10 07:26:26.825454,Web-Server-01,CPU_usage,70.75,8,50
2026-04-10 07:41:26.825454,Web-Server-01,CPU_usage,68.67,8,50
2026-04-10 07:56:26.825454,Web-Server-01,CPU_usage,73.05,8,50
2026-04-10 08:11:26.825454,Web-Server-01,CPU_usage,71.37,8,50
2026-04-10 08:26:26.825454,Web-Server-01,CPU_usage,69.44,8,50
2026-04-10 08:41:26.825454,Web-Server-01,CPU_usage,71.54,8,50
2026-04-10 08:56:26.825454,Web-Server-01,CPU_usage,73.92,8,50
2026-04-10 09:11:26.825454,Web-Server-01,CPU_usage,72.39,8,50
2026-04-10 09:26:26.825454,Web-Server-01,CPU_usage,74.49,8,50
2026-04-10 09:41:26.825454,Web-Server-01,CPU_usage,69.65,8,50
2026-04-10 09:56:26.825454,Web-Server-01,CPU_usage,70.25,8,50
2026-04-10 10:11:26.825454,Web-Server-01,CPU_usage,67.66,8,50
2026-04-10 10:26:26.825454,Web-Server-01,CPU_usage,65.66,8,50
2026-04-10 10:41:26.825454,Web-Server-01,CPU_usage,64.99,8,50
2026-04-10 10:56:26.825454,Web-Server-01,CPU_usage,73.63,8,50
2026-04-10 11:11:26.825454,Web-Server-01,CPU_usage,68.76,8,50
2026-04-10 11:26:26.825454,Web-Server-01,CPU_usage,65.94,8,50
2026-04-10 11:41:26.825454,Web-Server-01,CPU_usage,61.02,8,50
2026-04-10 11:56:26.825454,Web-Server-01,CPU_usage,64.68,8,50
2026-04-10 12:11:26.825454,Web-Server-01,CPU_usage,56.44,8,50
2026-04-10 12:26:26.825454,Web-Server-01,CPU_usage,66.73,8,50
2026-04-10 12:41:26.825454,Web-Server-01,CPU_usage,58.09,8,50
2026-04-10 12:56:26.825454,Web-Server-01,CPU_usage,64.68,8,50
2026-04-10 13:11:26.825454,Web-Server-01,CPU_usage,58.87,8,50
2026-04-10 13:26:26.825454,Web-Server-01,CPU_usage,56.42,8,50
2026-04-10 13:41:26.825454,Web-Server-01,CPU_usage,60.06,8,50
2026-04-10 13:56:26.825454,Web-Server-01,CPU_usage,55.69,8,50
2026-04-10 14:11:26.825454,Web-Server-01,CPU_usage,51.85,8,50
2026-04-10 14:26:26.825454,Web-Server-01,CPU_usage,51.43,8,50
2026-04-10 14:41:26.825454,Web-Server-01,CPU_usage,47.56,8,50
2026-04-10 14:56:26.825454,Web-Server-01,CPU_usage,49.82,8,50
2026-04-10 15:11:26.825454,Web-Server-01,CPU_usage,50.21,8,50
2026-04-10 15:26:26.825454,Web-Server-01,CPU_usage,45.47,8,50
2026-04-10 15:41:26.825454,Web-Server-01,CPU_usage,43.86,8,50
2026-04-10 15:56:26.825454,Web-Server-01,CPU_usage,48.58,8,50
2026-04-10 16:11:26.825454,Web-Server-01,CPU_usage,43.26,8,50
2026-04-10 16:26:26.825454,Web-Server-01,CPU_usage,42.99,8,50
2026-04-10 16:41:26.825454,Web-Server-01,CPU_usage,40.13,8,50
2026-04-10 16:56:26.825454,Web-Server-01,CPU_usage,44.44,8,50
2026-04-10 17:11:26.825454,Web-Server-01,CPU_usage,34.51,8,50
2026-04-10 17:26:26.825454,Web-Server-01,CPU_usage,37.37,8,50
2026-04-10 17:41:26.825454,Web-Server-01,CPU_usage,38.25,8,50
2026-04-10 17:56:26.825454,Web-Server-01,CPU_usage,38.57,8,50
2026-04-10 18:11:26.825454,Web-Server-01,CPU_usage,28.08,8,50
2026-04-10 18:26:26.825454,Web-Server-01,CPU_usage,33.43,8,50
2026-04-10 18:41:26.825454,Web-Server-01,CPU_usage,33.34,8,50
2026-04-10 18:56:26.825454,Web-Server-01,CPU_usage,32.6,8,50
2026-04-10 19:11:26.825454,Web-Server-01,CPU_usage,35.02,8,50
2026-04-10 19:26:26.825454,Web-Server-01,CPU_usage,29.43,8,50
2026-04-10 19:41:26.825454,Web-Server-01,CPU_usage,35.17,8,50
2026-04-10 19:56:26.825454,Web-Server-01,CPU_usage,33.6,8,50
2026-04-10 20:11:26.825454,Web-Server-01,CPU_usage,30.01,8,50
2026-04-10 20:26:26.825454,Web-Server-01,CPU_usage,33.42,8,50
2026-04-10 20:41:26.825454,Web-Server-01,CPU_usage,35.89,8,50
2026-04-10 20:56:26.825454,Web-Server-01,CPU_usage,35.61,8,50
2026-04-10 21:11:26.825454,Web-Server-01,CPU_usage,30.42,8,50
2026-04-10 21:26:26.825454,Web-Server-01,CPU_usage,35.67,8,50
2026-04-10 21:41:26.825454,Web-Server-01,CPU_usage,30.63,8,50
2026-04-10 21:56:26.825454,Web-Server-01,CPU_usage,35.58,8,50
2026-04-10 22:11:26.825454,Web-Server-01,CPU_usage,37.69,8,50
2026-04-10 22:26:26.825454,Web-Server-01,CPU_usage,38.66,8,50
2026-04-10 22:41:26.825454,Web-Server-01,CPU_usage,30.47,8,50
2026-04-10 22:56:26.825454,Web-Server-01,CPU_usage,30.01,8,50
2026-04-10 23:11:26.825454,Web-Server-01,CPU_usage,42.54,8,50
2026-04-10 23:26:26.825454,Web-Server-01,CPU_usage,35.52,8,50
2026-04-10 23:41:26.825454,Web-Server-01,CPU_usage,37.53,8,50
2026-04-10 23:56:26.825454,Web-Server-01,CPU_usage,44.16,8,50
2026-04-11 00:11:26.825454,Web-Server-01,CPU_usage,47.78,8,50
2026-04-11 00:26:26.825454,Web-Server-01,CPU_usage,39.8,8,50
2026-04-11 00:41:26.825454,Web-Server-01,CPU_usage,45.96,8,50
2026-04-11 00:56:26.825454,Web-Server-01,CPU_usage,41.67,8,50
2026-04-11 01:11:26.825454,Web-Server-01,CPU_usage,52.58,8,50
2026-04-11 01:26:26.825454,Web-Server-01,CPU_usage,43.7,8,50
2026-04-11 01:41:26.825454,Web-Server-01,CPU_usage,50.56,8,50
2026-04-11 01:56:26.825454,Web-Server-01,CPU_usage,46.5,8,50
2026-04-11 02:11:26.825454,Web-Server-01,CPU_usage,51.01,8,50
2026-04-11 02:26:26.825454,Web-Server-01,CPU_usage,48.73,8,50
2026-04-11 02:41:26.825454,Web-Server-01,CPU_usage,54.28,8,50
2026-04-11 02:56:26.825454,Web-Server-01,CPU_usage,54.35,8,50
2026-04-11 03:11:26.825454,Web-Server-01,CPU_usage,62.12,8,50
2026-04-11 03:26:26.825454,Web-Server-01,CPU_usage,62.35,8,50
2026-04-11 03:41:26.825454,Web-Server-01,CPU_usage,56.54,8,50
2026-04-11 03:56:26.825454,Web-Server-01,CPU_usage,58.11,8,50
2026-04-11 04:11:26.825454,Web-Server-01,CPU_usage,58.87,8,50
2026-04-11 04:26:26.825454,Web-Server-01,CPU_usage,61.83,8,50
2026-04-11 04:41:26.825454,Web-Server-01,CPU_usage,69.57,8,50
2026-04-11 04:56:26.825454,Web-Server-01,CPU_usage,62.65,8,50
2026-04-11 05:11:26.825454,Web-Server-01,CPU_usage,65.85,8,50
2026-04-11 05:26:26.825454,Web-Server-01,CPU_usage,68.45,8,50
2026-04-11 05:41:26.825454,Web-Server-01,CPU_usage,65.68,8,50
2026-04-11 05:56:26.825454,Web-Server-01,CPU_usage,65.57,8,50
2026-04-11 06:11:26.825454,Web-Server-01,CPU_usage,70.37,8,50
2026-04-11 06:26:26.825454,Web-Server-01,CPU_usage,70.87,8,50
2026-04-11 06:41:26.825454,Web-Server-01,CPU_usage,68.09,8,50
2026-04-11 06:56:26.825454,Web-Server-01,CPU_usage,74.02,8,50
2026-04-11 07:11:26.825454,Web-Server-01,CPU_usage,72.21,8,50
2026-04-11 07:26:26.825454,Web-Server-01,CPU_usage,72.15,8,50
2026-04-11 07:41:26.825454,Web-Server-01,CPU_usage,71.78,8,50
2026-04-11 07:56:26.825454,Web-Server-01,CPU_usage,74.31,8,50
2026-04-11 08:11:26.825454,Web-Server-01,CPU_usage,72.33,8,50
2026-04-11 08:26:26.825454,Web-Server-01,CPU_usage,71.43,8,50
2026-04-11 08:41:26.825454,Web-Server-01,CPU_usage,71.76,8,50
2026-04-11 08:56:26.825454,Web-Server-01,CPU_usage,74.98,8,50
2026-04-11 09:11:26.825454,Web-Server-01,CPU_usage,71.13,8,50
2026-04-11 09:26:26.825454,Web-Server-01,CPU_usage,71.59,8,50
2026-04-11 09:41:26.825454,Web-Server-01,CPU_usage,75.4,8,50
2026-04-11 09:56:26.825454,Web-Server-01,CPU_usage,71.43,8,50
2026-04-11 10:11:26.825454,Web-Server-01,CPU_usage,70.12,8,50
2026-04-11 10:26:26.825454,Web-Server-01,CPU_usage,67.41,8,50
2026-04-11 10:41:26.825454,Web-Server-01,CPU_usage,65.77,8,50
2026-04-11 10:56:26.825454,Web-Server-01,CPU_usage,67.4,8,50
2026-04-11 11:11:26.825454,Web-Server-01,CPU_usage,70.54,8,50
2026-04-11 11:26:26.825454,Web-Server-01,CPU_usage,63.36,8,50
2026-04-11 11:41:26.825454,Web-Server-01,CPU_usage,67.51,8,50
2026-04-11 11:56:26.825454,Web-Server-01,CPU_usage,62.74,8,50
2026-04-11 12:11:26.825454,Web-Server-01,CPU_usage,58.88,8,50
2026-04-11 12:26:26.825454,Web-Server-01,CPU_usage,58.64,8,50
2026-04-11 12:41:26.825454,Web-Server-01,CPU_usage,57.95,8,50
2026-04-11 12:56:26.825454,Web-Server-01,CPU_usage,63.19,8,50
2026-04-11 13:11:26.825454,Web-Server-01,CPU_usage,58.88,8,50
2026-04-11 13:26:26.825454,Web-Server-01,CPU_usage,53.47,8,50
2026-04-11 13:41:26.825454,Web-Server-01,CPU_usage,55.82,8,50
2026-04-11 13:56:26.825454,Web-Server-01,CPU_usage,59.4,8,50
2026-04-11 14:11:26.825454,Web-Server-01,CPU_usage,53.85,8,50
2026-04-11 14:26:26.825454,Web-Server-01,CPU_usage,51.89,8,50
2026-04-11 14:41:26.825454,Web-Server-01,CPU_usage,56.45,8,50
2026-04-11 14:56:26.825454,Web-Server-01,CPU_usage,57.14,8,50
2026-04-11 15:11:26.825454,Web-Server-01,CPU_usage,48.73,8,50
2026-04-11 15:26:26.825454,Web-Server-01,CPU_usage,48.22,8,50
2026-04-11 15:41:26.825454,Web-Server-01,CPU_usage,50.97,8,50
2026-04-11 15:56:26.825454,Web-Server-01,CPU_usage,52.48,8,50
2026-04-11 16:11:26.825454,Web-Server-01,CPU_usage,48.55,8,50
2026-04-11 16:26:26.825454,Web-Server-01,CPU_usage,38.22,8,50
2026-04-11 16:41:26.825454,Web-Server-01,CPU_usage,42.55,8,50
2026-04-11 16:56:26.825454,Web-Server-01,CPU_usage,39.64,8,50
2026-04-11 17:11:26.825454,Web-Server-01,CPU_usage,36.53,8,50
2026-04-11 17:26:26.825454,Web-Server-01,CPU_usage,36.69,8,50
2026-04-11 17:41:26.825454,Web-Server-01,CPU_usage,40.25,8,50
2026-04-11 17:56:26.825454,Web-Server-01,CPU_usage,40.28,8,50
2026-04-11 18:11:26.825454,Web-Server-01,CPU_usage,36.96,8,50
2026-04-11 18:26:26.825454,Web-Server-01,CPU_usage,34.92,8,50
2026-04-11 18:41:26.825454,Web-Server-01,CPU_usage,39.62,8,50
2026-04-11 18:56:26.825454,Web-Server-01,CPU_usage,38.41,8,50
2026-04-11 19:11:26.825454,Web-Server-01,CPU_usage,39.43,8,50
2026-04-11 19:26:26.825454,Web-Server-01,CPU_usage,34.91,8,50
2026-04-11 19:41:26.825454,Web-Server-01,CPU_usage,31.34,8,50
2026-04-11 19:56:26.825454,Web-Server-01,CPU_usage,34.3,8,50
2026-04-11 20:11:26.825454,Web-Server-01,CPU_usage,34.47,8,50
2026-04-11 20:26:26.825454,Web-Server-01,CPU_usage,33.98,8,50
2026-04-11 20:41:26.825454,Web-Server-01,CPU_usage,30.1,8,50
2026-04-11 20:56:26.825454,Web-Server-01,CPU_usage,30.4,8,50
2026-04-11 21:11:26.825454,Web-Server-01,CPU_usage,34.48,8,50
2026-04-11 21:26:26.825454,Web-Server-01,CPU_usage,42.35,8,50
2026-04-11 21:41:26.825454,Web-Server-01,CPU_usage,36.31,8,50
2026-04-11 21:56:26.825454,Web-Server-01,CPU_usage,39.25,8,50
2026-04-11 22:11:26.825454,Web-Server-01,CPU_usage,38.52,8,50
2026-04-11 22:26:26.825454,Web-Server-01,CPU_usage,35.64,8,50
2026-04-11 22:41:26.825454,Web-Server-01,CPU_usage,37.31,8,50
2026-04-11 22:56:26.825454,Web-Server-01,CPU_usage,35.07,8,50
2026-04-11 23:11:26.825454,Web-Server-01,CPU_usage,43.23,8,50
2026-04-11 23:26:26.825454,Web-Server-01,CPU_usage,39.65,8,50
2026-04-11 23:41:26.825454,Web-Server-01,CPU_usage,38.88,8,50
2026-04-11 23:56:26.825454,Web-Server-01,CPU_usage,40.78,8,50
2026-04-12 00:11:26.825454,Web-Server-01,CPU_usage,45.95,8,50
2026-04-12 00:26:26.825454,Web-Server-01,CPU_usage,46.0,8,50
2026-04-12 00:41:26.825454,Web-Server-01,CPU_usage,38.92,8,50
2026-04-12 00:56:26.825454,Web-Server-01,CPU_usage,43.79,8,50
2026-04-12 01:11:26.825454,Web-Server-01,CPU_usage,51.65,8,50
2026-04-12 01:26:26.825454,Web-Server-01,CPU_usage,53.58,8,50
2026-04-12 01:41:26.825454,Web-Server-01,CPU_usage,43.11,8,50
2026-04-12 01:56:26.825454,Web-Server-01,CPU_usage,50.1,8,50
2026-04-12 02:11:26.825454,Web-Server-01,CPU_usage,47.91,8,50
2026-04-12 02:26:26.825454,Web-Server-01,CPU_usage,56.6,8,50
2026-04-12 02:41:26.825454,Web-Server-01,CPU_usage,50.19,8,50
2026-04-12 02:56:26.825454,Web-Server-01,CPU_usage,47.46,8,50
2026-04-12 03:11:26.825454,Web-Server-01,CPU_usage,59.05,8,50
2026-04-12 03:26:26.825454,Web-Server-01,CPU_usage,61.73,8,50
2026-04-12 03:41:26.825454,Web-Server-01,CPU_usage,59.16,8,50
2026-04-12 03:56:26.825454,Web-Server-01,CPU_usage,60.84,8,50
2026-04-12 04:11:26.825454,Web-Server-01,CPU_usage,67.07,8,50
2026-04-12 04:26:26.825454,Web-Server-01,CPU_usage,69.54,8,50
2026-04-12 04:41:26.825454,Web-Server-01,CPU_usage,63.09,8,50
2026-04-12 04:56:26.825454,Web-Server-01,CPU_usage,66.61,8,50
2026-04-12 05:11:26.825454,Web-Server-01,CPU_usage,69.78,8,50
2026-04-12 05:26:26.825454,Web-Server-01,CPU_usage,64.37,8,50
2026-04-12 05:41:26.825454,Web-Server-01,CPU_usage,73.04,8,50
2026-04-12 05:56:26.825454,Web-Server-01,CPU_usage,66.49,8,50
2026-04-12 06:11:26.825454,Web-Server-01,CPU_usage,67.67,8,50
2026-04-12 06:26:26.825454,Web-Server-01,CPU_usage,73.81,8,50
2026-04-12 06:41:26.825454,Web-Server-01,CPU_usage,79.59,8,50
2026-04-12 06:56:26.825454,Web-Server-01,CPU_usage,76.63,8,50
2026-04-12 07:11:26.825454,Web-Server-01,CPU_usage,79.75,8,50
2026-04-12 07:26:26.825454,Web-Server-01,CPU_usage,74.09,8,50
2026-04-12 07:41:26.825454,Web-Server-01,CPU_usage,77.6,8,50
2026-04-12 07:56:26.825454,Web-Server-01,CPU_usage,76.42,8,50
2026-04-12 08:11:26.825454,Web-Server-01,CPU_usage,79.4,8,50
2026-04-12 08:26:26.825454,Web-Server-01,CPU_usage,73.88,8,50
2026-04-12 08:41:26.825454,Web-Server-01,CPU_usage,74.33,8,50
2026-04-12 08:56:26.825454,Web-Server-01,CPU_usage,73.85,8,50
2026-04-12 09:11:26.825454,Web-Server-01,CPU_usage,76.09,8,50
2026-04-12 09:26:26.825454,Web-Server-01,CPU_usage,72.43,8,50
2026-04-12 09:41:26.825454,Web-Server-01,CPU_usage,72.3,8,50
2026-04-12 09:56:26.825454,Web-Server-01,CPU_usage,76.07,8,50
2026-04-12 10:11:26.825454,Web-Server-01,CPU_usage,68.65,8,50
2026-04-12 10:26:26.825454,Web-Server-01,CPU_usage,73.42,8,50
2026-04-12 10:41:26.825454,Web-Server-01,CPU_usage,69.78,8,50
2026-04-12 10:56:26.825454,Web-Server-01,CPU_usage,67.29,8,50
2026-04-12 11:11:26.825454,Web-Server-01,CPU_usage,68.48,8,50
2026-04-12 11:26:26.825454,Web-Server-01,CPU_usage,69.25,8,50
2026-04-12 11:41:26.825454,Web-Server-01,CPU_usage,68.29,8,50
2026-04-12 11:56:26.825454,Web-Server-01,CPU_usage,57.95,8,50
2026-04-12 12:11:26.825454,Web-Server-01,CPU_usage,67.15,8,50
2026-04-12 12:26:26.825454,Web-Server-01,CPU_usage,65.13,8,50
2026-04-12 12:41:26.825454,Web-Server-01,CPU_usage,66.94,8,50
2026-04-12 12:56:26.825454,Web-Server-01,CPU_usage,62.59,8,50
2026-04-12 13:11:26.825454,Web-Server-01,CPU_usage,61.24,8,50
2026-04-12 13:26:26.825454,Web-Server-01,CPU_usage,60.56,8,50
2026-04-12 13:41:26.825454,Web-Server-01,CPU_usage,59.88,8,50
2026-04-12 13:56:26.825454,Web-Server-01,CPU_usage,59.98,8,50
2026-04-12 14:11:26.825454,Web-Server-01,CPU_usage,51.99,8,50
2026-04-12 14:26:26.825454,Web-Server-01,CPU_usage,53.93,8,50
2026-04-12 14:41:26.825454,Web-Server-01,CPU_usage,53.87,8,50
2026-04-12 14:56:26.825454,Web-Server-01,CPU_usage,61.87,8,50
2026-04-12 15:11:26.825454,Web-Server-01,CPU_usage,47.47,8,50
2026-04-12 15:26:26.825454,Web-Server-01,CPU_usage,48.78,8,50
2026-04-12 15:41:26.825454,Web-Server-01,CPU_usage,59.74,8,50
2026-04-12 15:56:26.825454,Web-Server-01,CPU_usage,50.94,8,50
2026-04-12 16:11:26.825454,Web-Server-01,CPU_usage,43.27,8,50
2026-04-12 16:26:26.825454,Web-Server-01,CPU_usage,43.22,8,50
2026-04-12 16:41:26.825454,Web-Server-01,CPU_usage,44.6,8,50
2026-04-12 16:56:26.825454,Web-Server-01,CPU_usage,43.94,8,50
2026-04-12 17:11:26.825454,Web-Server-01,CPU_usage,36.36,8,50
2026-04-12 17:26:26.825454,Web-Server-01,CPU_usage,41.01,8,50
2026-04-12 17:41:26.825454,Web-Server-01,CPU_usage,41.4,8,50
2026-04-12 17:56:26.825454,Web-Server-01,CPU_usage,38.59,8,50
2026-04-12 18:11:26.825454,Web-Server-01,CPU_usage,38.68,8,50
2026-04-12 18:26:26.825454,Web-Server-01,CPU_usage,39.9,8,50
2026-04-12 18:41:26.825454,Web-Server-01,CPU_usage,42.33,8,50
2026-04-12 18:56:26.825454,Web-Server-01,CPU_usage,39.85,8,50
2026-04-12 19:11:26.825454,Web-Server-01,CPU_usage,32.68,8,50
2026-04-12 19:26:26.825454,Web-Server-01,CPU_usage,34.78,8,50
2026-04-12 19:41:26.825454,Web-Server-01,CPU_usage,32.38,8,50
2026-04-12 19:56:26.825454,Web-Server-01,CPU_usage,37.3,8,50
2026-04-12 20:11:26.825454,Web-Server-01,CPU_usage,35.37,8,50
2026-04-12 20:26:26.825454,Web-Server-01,CPU_usage,39.4,8,50
2026-04-12 20:41:26.825454,Web-Server-01,CPU_usage,37.4,8,50
2026-04-12 20:56:26.825454,Web-Server-01,CPU_usage,31.7,8,50
2026-04-12 21:11:26.825454,Web-Server-01,CPU_usage,31.49,8,50
2026-04-12 21:26:26.825454,Web-Server-01,CPU_usage,34.64,8,50
2026-04-12 21:41:26.825454,Web-Server-01,CPU_usage,36.9,8,50
2026-04-12 21:56:26.825454,Web-Server-01,CPU_usage,35.67,8,50
2026-04-12 22:11:26.825454,Web-Server-01,CPU_usage,42.26,8,50
2026-04-12 22:26:26.825454,Web-Server-01,CPU_usage,35.68,8,50
2026-04-12 22:41:26.825454,Web-Server-01,CPU_usage,42.86,8,50
2026-04-12 22:56:26.825454,Web-Server-01,CPU_usage,41.93,8,50
2026-04-12 23:11:26.825454,Web-Server-01,CPU_usage,49.72,8,50
2026-04-12 23:26:26.825454,Web-Server-01,CPU_usage,40.98,8,50
2026-04-12 23:41:26.825454,Web-Server-01,CPU_usage,40.87,8,50
2026-04-12 23:56:26.825454,Web-Server-01,CPU_usage,43.26,8,50
2026-04-13 00:11:26.825454,Web-Server-01,CPU_usage,44.8,8,50
2026-04-13 00:26:26.825454,Web-Server-01,CPU_usage,48.95,8,50
2026-04-13 00:41:26.825454,Web-Server-01,CPU_usage,43.56,8,50
2026-04-13 00:56:26.825454,Web-Server-01,CPU_usage,43.5,8,50
2026-04-13 01:11:26.825454,Web-Server-01,CPU_usage,55.49,8,50
2026-04-13 01:26:26.825454,Web-Server-01,CPU_usage,51.7,8,50
2026-04-13 01:41:26.825454,Web-Server-01,CPU_usage,51.92,8,50
2026-04-13 01:56:26.825454,Web-Server-01,CPU_usage,53.59,8,50
2026-04-13 02:11:26.825454,Web-Server-01,CPU_usage,54.77,8,50
2026-04-13 02:26:26.825454,Web-Server-01,CPU_usage,55.85,8,50
2026-04-13 02:41:26.825454,Web-Server-01,CPU_usage,52.25,8,50
2026-04-13 02:56:26.825454,Web-Server-01,CPU_usage,59.37,8,50
2026-04-13 03:11:26.825454,Web-Server-01,CPU_usage,66.19,8,50
2026-04-13 03:26:26.825454,Web-Server-01,CPU_usage,62.49,8,50
2026-04-13 03:41:26.825454,Web-Server-01,CPU_usage,71.12,8,50
2026-04-13 03:56:26.825454,Web-Server-01,CPU_usage,65.3,8,50
2026-04-13 04:11:26.825454,Web-Server-01,CPU_usage,60.91,8,50
2026-04-13 04:26:26.825454,Web-Server-01,CPU_usage,71.1,8,50
2026-04-13 04:41:26.825454,Web-Server-01,CPU_usage,67.88,8,50
2026-04-13 04:56:26.825454,Web-Server-01,CPU_usage,67.09,8,50
2026-04-13 05:11:26.825454,Web-Server-01,CPU_usage,72.22,8,50
2026-04-13 05:26:26.825454,Web-Server-01,CPU_usage,72.33,8,50
2026-04-13 05:41:26.825454,Web-Server-01,CPU_usage,75.42,8,50
2026-04-13 05:56:26.825454,Web-Server-01,CPU_usage,68.46,8,50
2026-04-13 06:11:26.825454,Web-Server-01,CPU_usage,78.58,8,50
2026-04-13 06:26:26.825454,Web-Server-01,CPU_usage,77.79,8,50
2026-04-13 06:41:26.825454,Web-Server-01,CPU_usage,71.88,8,50
2026-04-13 06:56:26.825454,Web-Server-01,CPU_usage,74.11,8,50
2026-04-13 07:11:26.825454,Web-Server-01,CPU_usage,78.1,8,50
2026-04-13 07:26:26.825454,Web-Server-01,CPU_usage,75.04,8,50
2026-04-13 07:41:26.825454,Web-Server-01,CPU_usage,76.2,8,50
2026-04-13 07:56:26.825454,Web-Server-01,CPU_usage,77.21,8,50
2026-04-13 08:11:26.825454,Web-Server-01,CPU_usage,74.94,8,50
2026-04-13 08:26:26.825454,Web-Server-01,CPU_usage,75.0,8,50
2026-04-13 08:41:26.825454,Web-Server-01,CPU_usage,75.03,8,50
2026-04-13 08:56:26.825454,Web-Server-01,CPU_usage,76.32,8,50
2026-04-13 09:11:26.825454,Web-Server-01,CPU_usage,75.81,8,50
2026-04-13 09:26:26.825454,Web-Server-01,CPU_usage,75.85,8,50
2026-04-13 09:41:26.825454,Web-Server-01,CPU_usage,73.22,8,50
2026-04-13 09:56:26.825454,Web-Server-01,CPU_usage,74.1,8,50
2026-04-13 10:11:26.825454,Web-Server-01,CPU_usage,70.07,8,50
2026-04-13 10:26:26.825454,Web-Server-01,CPU_usage,77.14,8,50
2026-04-13 10:41:26.825454,Web-Server-01,CPU_usage,75.19,8,50
2026-04-13 10:56:26.825454,Web-Server-01,CPU_usage,73.32,8,50
2026-04-13 11:11:26.825454,Web-Server-01,CPU_usage,67.61,8,50
2026-04-13 11:26:26.825454,Web-Server-01,CPU_usage,74.89,8,50
2026-04-13 11:41:26.825454,Web-Server-01,CPU_usage,75.46,8,50
2026-04-13 11:56:26.825454,Web-Server-01,CPU_usage,72.2,8,50
2026-04-13 12:11:26.825454,Web-Server-01,CPU_usage,64.43,8,50
2026-04-13 12:26:26.825454,Web-Server-01,CPU_usage,62.37,8,50
2026-04-13 12:41:26.825454,Web-Server-01,CPU_usage,62.59,8,50
2026-04-13 12:56:26.825454,Web-Server-01,CPU_usage,68.77,8,50
2026-04-13 13:11:26.825454,Web-Server-01,CPU_usage,65.77,8,50
2026-04-13 13:26:26.825454,Web-Server-01,CPU_usage,67.49,8,50
2026-04-13 13:41:26.825454,Web-Server-01,CPU_usage,65.23,8,50
2026-04-13 13:56:26.825454,Web-Server-01,CPU_usage,64.96,8,50
2026-04-13 14:11:26.825454,Web-Server-01,CPU_usage,55.66,8,50
2026-04-13 14:26:26.825454,Web-Server-01,CPU_usage,54.68,8,50
2026-04-13 14:41:26.825454,Web-Server-01,CPU_usage,53.07,8,50
2026-04-13 14:56:26.825454,Web-Server-01,CPU_usage,57.91,8,50
2026-04-13 15:11:26.825454,Web-Server-01,CPU_usage,57.66,8,50
2026-04-13 15:26:26.825454,Web-Server-01,CPU_usage,54.28,8,50
2026-04-13 15:41:26.825454,Web-Server-01,CPU_usage,49.78,8,50
2026-04-13 15:56:26.825454,Web-Server-01,CPU_usage,55.37,8,50
2026-04-13 16:11:26.825454,Web-Server-01,CPU_usage,52.59,8,50
2026-04-13 16:26:26.825454,Web-Server-01,CPU_usage,49.55,8,50
2026-04-13 16:41:26.825454,Web-Server-01,CPU_usage,48.32,8,50
2026-04-13 16:56:26.825454,Web-Server-01,CPU_usage,47.96,8,50
2026-04-13 17:11:26.825454,Web-Server-01,CPU_usage,40.99,8,50
2026-04-13 17:26:26.825454,Web-Server-01,CPU_usage,41.12,8,50
2026-04-13 17:41:26.825454,Web-Server-01,CPU_usage,49.32,8,50
2026-04-13 17:56:26.825454,Web-Server-01,CPU_usage,42.92,8,50
2026-04-13 18:11:26.825454,Web-Server-01,CPU_usage,45.4,8,50
2026-04-13 18:26:26.825454,Web-Server-01,CPU_usage,43.67,8,50
2026-04-13 18:41:26.825454,Web-Server-01,CPU_usage,36.03,8,50
2026-04-13 18:56:26.825454,Web-Server-01,CPU_usage,37.82,8,50
2026-04-13 19:11:26.825454,Web-Server-01,CPU_usage,39.5,8,50
2026-04-13 19:26:26.825454,Web-Server-01,CPU_usage,37.58,8,50
2026-04-13 19:41:26.825454,Web-Server-01,CPU_usage,37.82,8,50
2026-04-13 19:56:26.825454,Web-Server-01,CPU_usage,29.33,8,50
2026-04-13 20:11:26.825454,Web-Server-01,CPU_usage,35.74,8,50
2026-04-13 20:26:26.825454,Web-Server-01,CPU_usage,41.81,8,50
2026-04-13 20:41:26.825454,Web-Server-01,CPU_usage,57.98,8,50
2026-04-13 20:56:26.825454,Web-Server-01,CPU_usage,58.73,8,50
2026-04-13 21:11:26.825454,Web-Server-01,CPU_usage,60.65,8,50
2026-04-13 21:26:26.825454,Web-Server-01,CPU_usage,61.66,8,50
2026-04-13 21:41:26.825454,Web-Server-01,CPU_usage,62.77,8,50
2026-04-13 21:56:26.825454,Web-Server-01,CPU_usage,62.48,8,50
2026-04-13 22:11:26.825454,Web-Server-01,CPU_usage,65.2,8,50
2026-04-13 22:26:26.825454,Web-Server-01,CPU_usage,65.67,8,50
2026-04-13 22:41:26.825454,Web-Server-01,CPU_usage,67.04,8,50
2026-04-13 22:56:26.825454,Web-Server-01,CPU_usage,68.51,8,50
2026-04-03 22:56:26.825454,DB-Server-01,CPU_usage,4.13,64,500
2026-04-03 23:11:26.825454,DB-Server-01,CPU_usage,7.24,64,500
2026-04-03 23:26:26.825454,DB-Server-01,CPU_usage,5.53,64,500
2026-04-03 23:41:26.825454,DB-Server-01,CPU_usage,8.77,64,500
2026-04-03 23:56:26.825454,DB-Server-01,CPU_usage,6.58,64,500
2026-04-04 00:11:26.825454,DB-Server-01,CPU_usage,7.51,64,500
2026-04-04 00:26:26.825454,DB-Server-01,CPU_usage,9.81,64,500
2026-04-04 00:41:26.825454,DB-Server-01,CPU_usage,6.4,64,500
2026-04-04 00:56:26.825454,DB-Server-01,CPU_usage,7.62,64,500
2026-04-04 01:11:26.825454,DB-Server-01,CPU_usage,10.14,64,500
2026-04-04 01:26:26.825454,DB-Server-01,CPU_usage,10.83,64,500
2026-04-04 01:41:26.825454,DB-Server-01,CPU_usage,7.99,64,500
2026-04-04 01:56:26.825454,DB-Server-01,CPU_usage,8.28,64,500
2026-04-04 02:11:26.825454,DB-Server-01,CPU_usage,12.99,64,500
2026-04-04 02:26:26.825454,DB-Server-01,CPU_usage,9.87,64,500
2026-04-04 02:41:26.825454,DB-Server-01,CPU_usage,10.05,64,500
2026-04-04 02:56:26.825454,DB-Server-01,CPU_usage,11.22,64,500
2026-04-04 03:11:26.825454,DB-Server-01,CPU_usage,12.24,64,500
2026-04-04 03:26:26.825454,DB-Server-01,CPU_usage,12.91,64,500
2026-04-04 03:41:26.825454,DB-Server-01,CPU_usage,9.15,64,500
2026-04-04 03:56:26.825454,DB-Server-01,CPU_usage,11.87,64,500
2026-04-04 04:11:26.825454,DB-Server-01,CPU_usage,9.06,64,500
2026-04-04 04:26:26.825454,DB-Server-01,CPU_usage,15.89,64,500
2026-04-04 04:41:26.825454,DB-Server-01,CPU_usage,11.65,64,500
2026-04-04 04:56:26.825454,DB-Server-01,CPU_usage,11.52,64,500
2026-04-04 05:11:26.825454,DB-Server-01,CPU_usage,14.95,64,500
2026-04-04 05:26:26.825454,DB-Server-01,CPU_usage,14.68,64,500
2026-04-04 05:41:26.825454,DB-Server-01,CPU_usage,11.8,64,500
2026-04-04 05:56:26.825454,DB-Server-01,CPU_usage,12.01,64,500
2026-04-04 06:11:26.825454,DB-Server-01,CPU_usage,13.86,64,500
2026-04-04 06:26:26.825454,DB-Server-01,CPU_usage,16.91,64,500
2026-04-04 06:41:26.825454,DB-Server-01,CPU_usage,17.59,64,500
2026-04-04 06:56:26.825454,DB-Server-01,CPU_usage,11.42,64,500
2026-04-04 07:11:26.825454,DB-Server-01,CPU_usage,16.12,64,500
2026-04-04 07:26:26.825454,DB-Server-01,CPU_usage,14.64,64,500
2026-04-04 07:41:26.825454,DB-Server-01,CPU_usage,12.73,64,500
2026-04-04 07:56:26.825454,DB-Server-01,CPU_usage,14.03,64,500
2026-04-04 08:11:26.825454,DB-Server-01,CPU_usage,14.95,64,500
2026-04-04 08:26:26.825454,DB-Server-01,CPU_usage,18.36,64,500
2026-04-04 08:41:26.825454,DB-Server-01,CPU_usage,16.29,64,500
2026-04-04 08:56:26.825454,DB-Server-01,CPU_usage,13.17,64,500
2026-04-04 09:11:26.825454,DB-Server-01,CPU_usage,12.06,64,500
2026-04-04 09:26:26.825454,DB-Server-01,CPU_usage,14.7,64,500
2026-04-04 09:41:26.825454,DB-Server-01,CPU_usage,14.17,64,500
2026-04-04 09:56:26.825454,DB-Server-01,CPU_usage,16.73,64,500
2026-04-04 10:11:26.825454,DB-Server-01,CPU_usage,14.23,64,500
2026-04-04 10:26:26.825454,DB-Server-01,CPU_usage,15.04,64,500
2026-04-04 10:41:26.825454,DB-Server-01,CPU_usage,12.42,64,500
2026-04-04 10:56:26.825454,DB-Server-01,CPU_usage,17.91,64,500
2026-04-04 11:11:26.825454,DB-Server-01,CPU_usage,14.95,64,500
2026-04-04 11:26:26.825454,DB-Server-01,CPU_usage,14.49,64,500
2026-04-04 11:41:26.825454,DB-Server-01,CPU_usage,11.03,64,500
2026-04-04 11:56:26.825454,DB-Server-01,CPU_usage,10.69,64,500
2026-04-04 12:11:26.825454,DB-Server-01,CPU_usage,11.93,64,500
2026-04-04 12:26:26.825454,DB-Server-01,CPU_usage,14.54,64,500
2026-04-04 12:41:26.825454,DB-Server-01,CPU_usage,13.77,64,500
2026-04-04 12:56:26.825454,DB-Server-01,CPU_usage,12.8,64,500
2026-04-04 13:11:26.825454,DB-Server-01,CPU_usage,11.4,64,500
2026-04-04 13:26:26.825454,DB-Server-01,CPU_usage,11.75,64,500
2026-04-04 13:41:26.825454,DB-Server-01,CPU_usage,10.61,64,500
2026-04-04 13:56:26.825454,DB-Server-01,CPU_usage,14.11,64,500
2026-04-04 14:11:26.825454,DB-Server-01,CPU_usage,7.73,64,500
2026-04-04 14:26:26.825454,DB-Server-01,CPU_usage,11.3,64,500
2026-04-04 14:41:26.825454,DB-Server-01,CPU_usage,11.07,64,500
2026-04-04 14:56:26.825454,DB-Server-01,CPU_usage,7.9,64,500
2026-04-04 15:11:26.825454,DB-Server-01,CPU_usage,6.37,64,500
2026-04-04 15:26:26.825454,DB-Server-01,CPU_usage,6.95,64,500
2026-04-04 15:41:26.825454,DB-Server-01,CPU_usage,10.02,64,500
2026-04-04 15:56:26.825454,DB-Server-01,CPU_usage,6.15,64,500
2026-04-04 16:11:26.825454,DB-Server-01,CPU_usage,6.37,64,500
2026-04-04 16:26:26.825454,DB-Server-01,CPU_usage,7.75,64,500
2026-04-04 16:41:26.825454,DB-Server-01,CPU_usage,5.84,64,500
2026-04-04 16:56:26.825454,DB-Server-01,CPU_usage,5.52,64,500
2026-04-04 17:11:26.825454,DB-Server-01,CPU_usage,7.45,64,500
2026-04-04 17:26:26.825454,DB-Server-01,CPU_usage,4.08,64,500
2026-04-04 17:41:26.825454,DB-Server-01,CPU_usage,5.69,64,500
2026-04-04 17:56:26.825454,DB-Server-01,CPU_usage,4.98,64,500
2026-04-04 18:11:26.825454,DB-Server-01,CPU_usage,4.9,64,500
2026-04-04 18:26:26.825454,DB-Server-01,CPU_usage,7.98,64,500
2026-04-04 18:41:26.825454,DB-Server-01,CPU_usage,5.93,64,500
2026-04-04 18:56:26.825454,DB-Server-01,CPU_usage,7.06,64,500
2026-04-04 19:11:26.825454,DB-Server-01,CPU_usage,4.71,64,500
2026-04-04 19:26:26.825454,DB-Server-01,CPU_usage,7.52,64,500
2026-04-04 19:41:26.825454,DB-Server-01,CPU_usage,5.25,64,500
2026-04-04 19:56:26.825454,DB-Server-01,CPU_usage,4.11,64,500
2026-04-04 20:11:26.825454,DB-Server-01,CPU_usage,6.59,64,500
2026-04-04 20:26:26.825454,DB-Server-01,CPU_usage,5.26,64,500
2026-04-04 20:41:26.825454,DB-Server-01,CPU_usage,3.19,64,500
2026-04-04 20:56:26.825454,DB-Server-01,CPU_usage,7.55,64,500
2026-04-04 21:11:26.825454,DB-Server-01,CPU_usage,3.97,64,500
2026-04-04 21:26:26.825454,DB-Server-01,CPU_usage,4.62,64,500
2026-04-04 21:41:26.825454,DB-Server-01,CPU_usage,7.55,64,500
2026-04-04 21:56:26.825454,DB-Server-01,CPU_usage,5.73,64,500
2026-04-04 22:11:26.825454,DB-Server-01,CPU_usage,9.91,64,500
2026-04-04 22:26:26.825454,DB-Server-01,CPU_usage,5.17,64,500
2026-04-04 22:41:26.825454,DB-Server-01,CPU_usage,7.4,64,500
2026-04-04 22:56:26.825454,DB-Server-01,CPU_usage,2.37,64,500
2026-04-04 23:11:26.825454,DB-Server-01,CPU_usage,6.66,64,500
2026-04-04 23:26:26.825454,DB-Server-01,CPU_usage,7.5,64,500
2026-04-04 23:41:26.825454,DB-Server-01,CPU_usage,7.99,64,500
2026-04-04 23:56:26.825454,DB-Server-01,CPU_usage,6.77,64,500
2026-04-05 00:11:26.825454,DB-Server-01,CPU_usage,9.64,64,500
2026-04-05 00:26:26.825454,DB-Server-01,CPU_usage,11.0,64,500
2026-04-05 00:41:26.825454,DB-Server-01,CPU_usage,8.58,64,500
2026-04-05 00:56:26.825454,DB-Server-01,CPU_usage,5.66,64,500
2026-04-05 01:11:26.825454,DB-Server-01,CPU_usage,7.44,64,500
2026-04-05 01:26:26.825454,DB-Server-01,CPU_usage,9.21,64,500
2026-04-05 01:41:26.825454,DB-Server-01,CPU_usage,8.08,64,500
2026-04-05 01:56:26.825454,DB-Server-01,CPU_usage,3.99,64,500
2026-04-05 02:11:26.825454,DB-Server-01,CPU_usage,6.66,64,500
2026-04-05 02:26:26.825454,DB-Server-01,CPU_usage,15.23,64,500
2026-04-05 02:41:26.825454,DB-Server-01,CPU_usage,11.53,64,500
2026-04-05 02:56:26.825454,DB-Server-01,CPU_usage,6.93,64,500
2026-04-05 03:11:26.825454,DB-Server-01,CPU_usage,11.03,64,500
2026-04-05 03:26:26.825454,DB-Server-01,CPU_usage,10.36,64,500
2026-04-05 03:41:26.825454,DB-Server-01,CPU_usage,12.71,64,500
2026-04-05 03:56:26.825454,DB-Server-01,CPU_usage,10.15,64,500
2026-04-05 04:11:26.825454,DB-Server-01,CPU_usage,12.59,64,500
2026-04-05 04:26:26.825454,DB-Server-01,CPU_usage,13.8,64,500
2026-04-05 04:41:26.825454,DB-Server-01,CPU_usage,9.93,64,500
2026-04-05 04:56:26.825454,DB-Server-01,CPU_usage,15.21,64,500
2026-04-05 05:11:26.825454,DB-Server-01,CPU_usage,14.18,64,500
2026-04-05 05:26:26.825454,DB-Server-01,CPU_usage,14.0,64,500
2026-04-05 05:41:26.825454,DB-Server-01,CPU_usage,11.8,64,500
2026-04-05 05:56:26.825454,DB-Server-01,CPU_usage,12.61,64,500
2026-04-05 06:11:26.825454,DB-Server-01,CPU_usage,14.82,64,500
2026-04-05 06:26:26.825454,DB-Server-01,CPU_usage,12.15,64,500
2026-04-05 06:41:26.825454,DB-Server-01,CPU_usage,13.21,64,500
2026-04-05 06:56:26.825454,DB-Server-01,CPU_usage,12.55,64,500
2026-04-05 07:11:26.825454,DB-Server-01,CPU_usage,14.66,64,500
2026-04-05 07:26:26.825454,DB-Server-01,CPU_usage,13.22,64,500
2026-04-05 07:41:26.825454,DB-Server-01,CPU_usage,16.17,64,500
2026-04-05 07:56:26.825454,DB-Server-01,CPU_usage,13.22,64,500
2026-04-05 08:11:26.825454,DB-Server-01,CPU_usage,13.05,64,500
2026-04-05 08:26:26.825454,DB-Server-01,CPU_usage,13.31,64,500
2026-04-05 08:41:26.825454,DB-Server-01,CPU_usage,17.72,64,500
2026-04-05 08:56:26.825454,DB-Server-01,CPU_usage,15.43,64,500
2026-04-05 09:11:26.825454,DB-Server-01,CPU_usage,12.73,64,500
2026-04-05 09:26:26.825454,DB-Server-01,CPU_usage,15.35,64,500
2026-04-05 09:41:26.825454,DB-Server-01,CPU_usage,16.4,64,500
2026-04-05 09:56:26.825454,DB-Server-01,CPU_usage,14.74,64,500
2026-04-05 10:11:26.825454,DB-Server-01,CPU_usage,13.11,64,500
2026-04-05 10:26:26.825454,DB-Server-01,CPU_usage,14.28,64,500
2026-04-05 10:41:26.825454,DB-Server-01,CPU_usage,13.71,64,500
2026-04-05 10:56:26.825454,DB-Server-01,CPU_usage,14.5,64,500
2026-04-05 11:11:26.825454,DB-Server-01,CPU_usage,16.16,64,500
2026-04-05 11:26:26.825454,DB-Server-01,CPU_usage,14.42,64,500
2026-04-05 11:41:26.825454,DB-Server-01,CPU_usage,15.7,64,500
2026-04-05 11:56:26.825454,DB-Server-01,CPU_usage,13.35,64,500
2026-04-05 12:11:26.825454,DB-Server-01,CPU_usage,13.21,64,500
2026-04-05 12:26:26.825454,DB-Server-01,CPU_usage,10.63,64,500
2026-04-05 12:41:26.825454,DB-Server-01,CPU_usage,11.6,64,500
2026-04-05 12:56:26.825454,DB-Server-01,CPU_usage,11.34,64,500
2026-04-05 13:11:26.825454,DB-Server-01,CPU_usage,14.55,64,500
2026-04-05 13:26:26.825454,DB-Server-01,CPU_usage,12.1,64,500
2026-04-05 13:41:26.825454,DB-Server-01,CPU_usage,10.17,64,500
2026-04-05 13:56:26.825454,DB-Server-01,CPU_usage,11.26,64,500
2026-04-05 14:11:26.825454,DB-Server-01,CPU_usage,11.75,64,500
2026-04-05 14:26:26.825454,DB-Server-01,CPU_usage,7.91,64,500
2026-04-05 14:41:26.825454,DB-Server-01,CPU_usage,8.71,64,500
2026-04-05 14:56:26.825454,DB-Server-01,CPU_usage,11.07,64,500
2026-04-05 15:11:26.825454,DB-Server-01,CPU_usage,9.25,64,500
2026-04-05 15:26:26.825454,DB-Server-01,CPU_usage,10.3,64,500
2026-04-05 15:41:26.825454,DB-Server-01,CPU_usage,10.15,64,500
2026-04-05 15:56:26.825454,DB-Server-01,CPU_usage,7.0,64,500
2026-04-05 16:11:26.825454,DB-Server-01,CPU_usage,5.06,64,500
2026-04-05 16:26:26.825454,DB-Server-01,CPU_usage,6.35,64,500
2026-04-05 16:41:26.825454,DB-Server-01,CPU_usage,9.78,64,500
2026-04-05 16:56:26.825454,DB-Server-01,CPU_usage,7.89,64,500
2026-04-05 17:11:26.825454,DB-Server-01,CPU_usage,7.6,64,500
2026-04-05 17:26:26.825454,DB-Server-01,CPU_usage,4.89,64,500
2026-04-05 17:41:26.825454,DB-Server-01,CPU_usage,3.47,64,500
2026-04-05 17:56:26.825454,DB-Server-01,CPU_usage,8.09,64,500
2026-04-05 18:11:26.825454,DB-Server-01,CPU_usage,6.25,64,500
2026-04-05 18:26:26.825454,DB-Server-01,CPU_usage,5.03,64,500
2026-04-05 18:41:26.825454,DB-Server-01,CPU_usage,7.78,64,500
2026-04-05 18:56:26.825454,DB-Server-01,CPU_usage,1.17,64,500
2026-04-05 19:11:26.825454,DB-Server-01,CPU_usage,5.32,64,500
2026-04-05 19:26:26.825454,DB-Server-01,CPU_usage,5.56,64,500
2026-04-05 19:41:26.825454,DB-Server-01,CPU_usage,2.81,64,500
2026-04-05 19:56:26.825454,DB-Server-01,CPU_usage,4.11,64,500
2026-04-05 20:11:26.825454,DB-Server-01,CPU_usage,5.23,64,500
2026-04-05 20:26:26.825454,DB-Server-01,CPU_usage,7.05,64,500
2026-04-05 20:41:26.825454,DB-Server-01,CPU_usage,5.38,64,500
2026-04-05 20:56:26.825454,DB-Server-01,CPU_usage,5.18,64,500
2026-04-05 21:11:26.825454,DB-Server-01,CPU_usage,6.25,64,500
2026-04-05 21:26:26.825454,DB-Server-01,CPU_usage,4.69,64,500
2026-04-05 21:41:26.825454,DB-Server-01,CPU_usage,6.42,64,500
2026-04-05 21:56:26.825454,DB-Server-01,CPU_usage,5.42,64,500
2026-04-05 22:11:26.825454,DB-Server-01,CPU_usage,4.96,64,500
2026-04-05 22:26:26.825454,DB-Server-01,CPU_usage,6.97,64,500
2026-04-05 22:41:26.825454,DB-Server-01,CPU_usage,7.39,64,500
2026-04-05 22:56:26.825454,DB-Server-01,CPU_usage,4.36,64,500
2026-04-05 23:11:26.825454,DB-Server-01,CPU_usage,2.98,64,500
2026-04-05 23:26:26.825454,DB-Server-01,CPU_usage,2.79,64,500
2026-04-05 23:41:26.825454,DB-Server-01,CPU_usage,8.22,64,500
2026-04-05 23:56:26.825454,DB-Server-01,CPU_usage,5.33,64,500
2026-04-06 00:11:26.825454,DB-Server-01,CPU_usage,8.18,64,500
2026-04-06 00:26:26.825454,DB-Server-01,CPU_usage,9.07,64,500
2026-04-06 00:41:26.825454,DB-Server-01,CPU_usage,5.99,64,500
2026-04-06 00:56:26.825454,DB-Server-01,CPU_usage,9.15,64,500
2026-04-06 01:11:26.825454,DB-Server-01,CPU_usage,7.57,64,500
2026-04-06 01:26:26.825454,DB-Server-01,CPU_usage,7.06,64,500
2026-04-06 01:41:26.825454,DB-Server-01,CPU_usage,9.14,64,500
2026-04-06 01:56:26.825454,DB-Server-01,CPU_usage,8.58,64,500
2026-04-06 02:11:26.825454,DB-Server-01,CPU_usage,13.51,64,500
2026-04-06 02:26:26.825454,DB-Server-01,CPU_usage,7.3,64,500
2026-04-06 02:41:26.825454,DB-Server-01,CPU_usage,11.22,64,500
2026-04-06 02:56:26.825454,DB-Server-01,CPU_usage,12.01,64,500
2026-04-06 03:11:26.825454,DB-Server-01,CPU_usage,11.62,64,500
2026-04-06 03:26:26.825454,DB-Server-01,CPU_usage,8.01,64,500
2026-04-06 03:41:26.825454,DB-Server-01,CPU_usage,15.33,64,500
2026-04-06 03:56:26.825454,DB-Server-01,CPU_usage,10.79,64,500
2026-04-06 04:11:26.825454,DB-Server-01,CPU_usage,14.13,64,500
2026-04-06 04:26:26.825454,DB-Server-01,CPU_usage,10.42,64,500
2026-04-06 04:41:26.825454,DB-Server-01,CPU_usage,13.81,64,500
2026-04-06 04:56:26.825454,DB-Server-01,CPU_usage,13.12,64,500
2026-04-06 05:11:26.825454,DB-Server-01,CPU_usage,11.41,64,500
2026-04-06 05:26:26.825454,DB-Server-01,CPU_usage,11.84,64,500
2026-04-06 05:41:26.825454,DB-Server-01,CPU_usage,16.24,64,500
2026-04-06 05:56:26.825454,DB-Server-01,CPU_usage,16.32,64,500
2026-04-06 06:11:26.825454,DB-Server-01,CPU_usage,15.4,64,500
2026-04-06 06:26:26.825454,DB-Server-01,CPU_usage,14.91,64,500
2026-04-06 06:41:26.825454,DB-Server-01,CPU_usage,16.07,64,500
2026-04-06 06:56:26.825454,DB-Server-01,CPU_usage,14.81,64,500
2026-04-06 07:11:26.825454,DB-Server-01,CPU_usage,15.25,64,500
2026-04-06 07:26:26.825454,DB-Server-01,CPU_usage,15.03,64,500
2026-04-06 07:41:26.825454,DB-Server-01,CPU_usage,15.09,64,500
2026-04-06 07:56:26.825454,DB-Server-01,CPU_usage,11.59,64,500
2026-04-06 08:11:26.825454,DB-Server-01,CPU_usage,17.76,64,500
2026-04-06 08:26:26.825454,DB-Server-01,CPU_usage,16.3,64,500
2026-04-06 08:41:26.825454,DB-Server-01,CPU_usage,16.78,64,500
2026-04-06 08:56:26.825454,DB-Server-01,CPU_usage,17.21,64,500
2026-04-06 09:11:26.825454,DB-Server-01,CPU_usage,16.74,64,500
2026-04-06 09:26:26.825454,DB-Server-01,CPU_usage,13.53,64,500
2026-04-06 09:41:26.825454,DB-Server-01,CPU_usage,16.64,64,500
2026-04-06 09:56:26.825454,DB-Server-01,CPU_usage,14.95,64,500
2026-04-06 10:11:26.825454,DB-Server-01,CPU_usage,16.14,64,500
2026-04-06 10:26:26.825454,DB-Server-01,CPU_usage,11.62,64,500
2026-04-06 10:41:26.825454,DB-Server-01,CPU_usage,11.91,64,500
2026-04-06 10:56:26.825454,DB-Server-01,CPU_usage,13.9,64,500
2026-04-06 11:11:26.825454,DB-Server-01,CPU_usage,16.27,64,500
2026-04-06 11:26:26.825454,DB-Server-01,CPU_usage,13.9,64,500
2026-04-06 11:41:26.825454,DB-Server-01,CPU_usage,13.52,64,500
2026-04-06 11:56:26.825454,DB-Server-01,CPU_usage,11.65,64,500
2026-04-06 12:11:26.825454,DB-Server-01,CPU_usage,15.98,64,500
2026-04-06 12:26:26.825454,DB-Server-01,CPU_usage,14.44,64,500
2026-04-06 12:41:26.825454,DB-Server-01,CPU_usage,9.58,64,500
2026-04-06 12:56:26.825454,DB-Server-01,CPU_usage,8.22,64,500
2026-04-06 13:11:26.825454,DB-Server-01,CPU_usage,13.06,64,500
2026-04-06 13:26:26.825454,DB-Server-01,CPU_usage,7.91,64,500
2026-04-06 13:41:26.825454,DB-Server-01,CPU_usage,16.7,64,500
2026-04-06 13:56:26.825454,DB-Server-01,CPU_usage,9.94,64,500
2026-04-06 14:11:26.825454,DB-Server-01,CPU_usage,8.35,64,500
2026-04-06 14:26:26.825454,DB-Server-01,CPU_usage,10.36,64,500
2026-04-06 14:41:26.825454,DB-Server-01,CPU_usage,6.83,64,500
2026-04-06 14:56:26.825454,DB-Server-01,CPU_usage,10.33,64,500
2026-04-06 15:11:26.825454,DB-Server-01,CPU_usage,7.28,64,500
2026-04-06 15:26:26.825454,DB-Server-01,CPU_usage,10.32,64,500
2026-04-06 15:41:26.825454,DB-Server-01,CPU_usage,5.37,64,500
2026-04-06 15:56:26.825454,DB-Server-01,CPU_usage,11.31,64,500
2026-04-06 16:11:26.825454,DB-Server-01,CPU_usage,6.46,64,500
2026-04-06 16:26:26.825454,DB-Server-01,CPU_usage,6.56,64,500
2026-04-06 16:41:26.825454,DB-Server-01,CPU_usage,4.82,64,500
2026-04-06 16:56:26.825454,DB-Server-01,CPU_usage,3.42,64,500
2026-04-06 17:11:26.825454,DB-Server-01,CPU_usage,8.05,64,500
2026-04-06 17:26:26.825454,DB-Server-01,CPU_usage,6.37,64,500
2026-04-06 17:41:26.825454,DB-Server-01,CPU_usage,6.43,64,500
2026-04-06 17:56:26.825454,DB-Server-01,CPU_usage,4.16,64,500
2026-04-06 18:11:26.825454,DB-Server-01,CPU_usage,5.26,64,500
2026-04-06 18:26:26.825454,DB-Server-01,CPU_usage,7.1,64,500
2026-04-06 18:41:26.825454,DB-Server-01,CPU_usage,7.98,64,500
2026-04-06 18:56:26.825454,DB-Server-01,CPU_usage,7.02,64,500
2026-04-06 19:11:26.825454,DB-Server-01,CPU_usage,4.62,64,500
2026-04-06 19:26:26.825454,DB-Server-01,CPU_usage,1.03,64,500
2026-04-06 19:41:26.825454,DB-Server-01,CPU_usage,5.57,64,500
2026-04-06 19:56:26.825454,DB-Server-01,CPU_usage,5.47,64,500
2026-04-06 20:11:26.825454,DB-Server-01,CPU_usage,2.23,64,500
2026-04-06 20:26:26.825454,DB-Server-01,CPU_usage,9.48,64,500
2026-04-06 20:41:26.825454,DB-Server-01,CPU_usage,5.2,64,500
2026-04-06 20:56:26.825454,DB-Server-01,CPU_usage,4.28,64,500
2026-04-06 21:11:26.825454,DB-Server-01,CPU_usage,4.42,64,500
2026-04-06 21:26:26.825454,DB-Server-01,CPU_usage,4.88,64,500
2026-04-06 21:41:26.825454,DB-Server-01,CPU_usage,4.35,64,500
2026-04-06 21:56:26.825454,DB-Server-01,CPU_usage,6.66,64,500
2026-04-06 22:11:26.825454,DB-Server-01,CPU_usage,5.96,64,500
2026-04-06 22:26:26.825454,DB-Server-01,CPU_usage,7.76,64,500
2026-04-06 22:41:26.825454,DB-Server-01,CPU_usage,7.24,64,500
2026-04-06 22:56:26.825454,DB-Server-01,CPU_usage,4.06,64,500
2026-04-06 23:11:26.825454,DB-Server-01,CPU_usage,8.14,64,500
2026-04-06 23:26:26.825454,DB-Server-01,CPU_usage,4.52,64,500
2026-04-06 23:41:26.825454,DB-Server-01,CPU_usage,6.9,64,500
2026-04-06 23:56:26.825454,DB-Server-01,CPU_usage,7.77,64,500
2026-04-07 00:11:26.825454,DB-Server-01,CPU_usage,7.42,64,500
2026-04-07 00:26:26.825454,DB-Server-01,CPU_usage,4.8,64,500
2026-04-07 00:41:26.825454,DB-Server-01,CPU_usage,9.47,64,500
2026-04-07 00:56:26.825454,DB-Server-01,CPU_usage,6.15,64,500
2026-04-07 01:11:26.825454,DB-Server-01,CPU_usage,7.95,64,500
2026-04-07 01:26:26.825454,DB-Server-01,CPU_usage,8.6,64,500
2026-04-07 01:41:26.825454,DB-Server-01,CPU_usage,6.49,64,500
2026-04-07 01:56:26.825454,DB-Server-01,CPU_usage,8.17,64,500
2026-04-07 02:11:26.825454,DB-Server-01,CPU_usage,7.14,64,500
2026-04-07 02:26:26.825454,DB-Server-01,CPU_usage,13.45,64,500
2026-04-07 02:41:26.825454,DB-Server-01,CPU_usage,5.61,64,500
2026-04-07 02:56:26.825454,DB-Server-01,CPU_usage,12.55,64,500
2026-04-07 03:11:26.825454,DB-Server-01,CPU_usage,11.46,64,500
2026-04-07 03:26:26.825454,DB-Server-01,CPU_usage,9.01,64,500
2026-04-07 03:41:26.825454,DB-Server-01,CPU_usage,14.12,64,500
2026-04-07 03:56:26.825454,DB-Server-01,CPU_usage,9.38,64,500
2026-04-07 04:11:26.825454,DB-Server-01,CPU_usage,11.9,64,500
2026-04-07 04:26:26.825454,DB-Server-01,CPU_usage,15.1,64,500
2026-04-07 04:41:26.825454,DB-Server-01,CPU_usage,13.07,64,500
2026-04-07 04:56:26.825454,DB-Server-01,CPU_usage,11.83,64,500
2026-04-07 05:11:26.825454,DB-Server-01,CPU_usage,8.49,64,500
2026-04-07 05:26:26.825454,DB-Server-01,CPU_usage,16.42,64,500
2026-04-07 05:41:26.825454,DB-Server-01,CPU_usage,11.5,64,500
2026-04-07 05:56:26.825454,DB-Server-01,CPU_usage,12.58,64,500
2026-04-07 06:11:26.825454,DB-Server-01,CPU_usage,12.05,64,500
2026-04-07 06:26:26.825454,DB-Server-01,CPU_usage,9.46,64,500
2026-04-07 06:41:26.825454,DB-Server-01,CPU_usage,16.71,64,500
2026-04-07 06:56:26.825454,DB-Server-01,CPU_usage,18.88,64,500
2026-04-07 07:11:26.825454,DB-Server-01,CPU_usage,12.24,64,500
2026-04-07 07:26:26.825454,DB-Server-01,CPU_usage,16.7,64,500
2026-04-07 07:41:26.825454,DB-Server-01,CPU_usage,15.73,64,500
2026-04-07 07:56:26.825454,DB-Server-01,CPU_usage,16.41,64,500
2026-04-07 08:11:26.825454,DB-Server-01,CPU_usage,13.36,64,500
2026-04-07 08:26:26.825454,DB-Server-01,CPU_usage,16.83,64,500
2026-04-07 08:41:26.825454,DB-Server-01,CPU_usage,16.14,64,500
2026-04-07 08:56:26.825454,DB-Server-01,CPU_usage,12.42,64,500
2026-04-07 09:11:26.825454,DB-Server-01,CPU_usage,17.23,64,500
2026-04-07 09:26:26.825454,DB-Server-01,CPU_usage,16.32,64,500
2026-04-07 09:41:26.825454,DB-Server-01,CPU_usage,17.61,64,500
2026-04-07 09:56:26.825454,DB-Server-01,CPU_usage,15.74,64,500
2026-04-07 10:11:26.825454,DB-Server-01,CPU_usage,13.59,64,500
2026-04-07 10:26:26.825454,DB-Server-01,CPU_usage,14.43,64,500
2026-04-07 10:41:26.825454,DB-Server-01,CPU_usage,15.29,64,500
2026-04-07 10:56:26.825454,DB-Server-01,CPU_usage,13.78,64,500
2026-04-07 11:11:26.825454,DB-Server-01,CPU_usage,16.47,64,500
2026-04-07 11:26:26.825454,DB-Server-01,CPU_usage,13.46,64,500
2026-04-07 11:41:26.825454,DB-Server-01,CPU_usage,11.32,64,500
2026-04-07 11:56:26.825454,DB-Server-01,CPU_usage,12.28,64,500
2026-04-07 12:11:26.825454,DB-Server-01,CPU_usage,10.65,64,500
2026-04-07 12:26:26.825454,DB-Server-01,CPU_usage,15.77,64,500
2026-04-07 12:41:26.825454,DB-Server-01,CPU_usage,13.25,64,500
2026-04-07 12:56:26.825454,DB-Server-01,CPU_usage,13.64,64,500
2026-04-07 13:11:26.825454,DB-Server-01,CPU_usage,12.01,64,500
2026-04-07 13:26:26.825454,DB-Server-01,CPU_usage,8.75,64,500
2026-04-07 13:41:26.825454,DB-Server-01,CPU_usage,11.97,64,500
2026-04-07 13:56:26.825454,DB-Server-01,CPU_usage,12.77,64,500
2026-04-07 14:11:26.825454,DB-Server-01,CPU_usage,8.53,64,500
2026-04-07 14:26:26.825454,DB-Server-01,CPU_usage,8.47,64,500
2026-04-07 14:41:26.825454,DB-Server-01,CPU_usage,11.08,64,500
2026-04-07 14:56:26.825454,DB-Server-01,CPU_usage,6.81,64,500
2026-04-07 15:11:26.825454,DB-Server-01,CPU_usage,7.97,64,500
2026-04-07 15:26:26.825454,DB-Server-01,CPU_usage,10.59,64,500
2026-04-07 15:41:26.825454,DB-Server-01,CPU_usage,8.91,64,500
2026-04-07 15:56:26.825454,DB-Server-01,CPU_usage,12.26,64,500
2026-04-07 16:11:26.825454,DB-Server-01,CPU_usage,5.02,64,500
2026-04-07 16:26:26.825454,DB-Server-01,CPU_usage,6.04,64,500
2026-04-07 16:41:26.825454,DB-Server-01,CPU_usage,6.87,64,500
2026-04-07 16:56:26.825454,DB-Server-01,CPU_usage,10.08,64,500
2026-04-07 17:11:26.825454,DB-Server-01,CPU_usage,5.99,64,500
2026-04-07 17:26:26.825454,DB-Server-01,CPU_usage,2.92,64,500
2026-04-07 17:41:26.825454,DB-Server-01,CPU_usage,6.63,64,500
2026-04-07 17:56:26.825454,DB-Server-01,CPU_usage,6.13,64,500
2026-04-07 18:11:26.825454,DB-Server-01,CPU_usage,6.63,64,500
2026-04-07 18:26:26.825454,DB-Server-01,CPU_usage,4.79,64,500
2026-04-07 18:41:26.825454,DB-Server-01,CPU_usage,5.09,64,500
2026-04-07 18:56:26.825454,DB-Server-01,CPU_usage,8.79,64,500
2026-04-07 19:11:26.825454,DB-Server-01,CPU_usage,3.27,64,500
2026-04-07 19:26:26.825454,DB-Server-01,CPU_usage,4.86,64,500
2026-04-07 19:41:26.825454,DB-Server-01,CPU_usage,3.39,64,500
2026-04-07 19:56:26.825454,DB-Server-01,CPU_usage,5.11,64,500
2026-04-07 20:11:26.825454,DB-Server-01,CPU_usage,8.61,64,500
2026-04-07 20:26:26.825454,DB-Server-01,CPU_usage,5.89,64,500
2026-04-07 20:41:26.825454,DB-Server-01,CPU_usage,5.32,64,500
2026-04-07 20:56:26.825454,DB-Server-01,CPU_usage,5.77,64,500
2026-04-07 21:11:26.825454,DB-Server-01,CPU_usage,9.25,64,500
2026-04-07 21:26:26.825454,DB-Server-01,CPU_usage,4.84,64,500
2026-04-07 21:41:26.825454,DB-Server-01,CPU_usage,3.17,64,500
2026-04-07 21:56:26.825454,DB-Server-01,CPU_usage,6.52,64,500
2026-04-07 22:11:26.825454,DB-Server-01,CPU_usage,4.7,64,500
2026-04-07 22:26:26.825454,DB-Server-01,CPU_usage,8.46,64,500
2026-04-07 22:41:26.825454,DB-Server-01,CPU_usage,8.17,64,500
2026-04-07 22:56:26.825454,DB-Server-01,CPU_usage,5.92,64,500
2026-04-07 23:11:26.825454,DB-Server-01,CPU_usage,8.96,64,500
2026-04-07 23:26:26.825454,DB-Server-01,CPU_usage,7.99,64,500
2026-04-07 23:41:26.825454,DB-Server-01,CPU_usage,4.49,64,500
2026-04-07 23:56:26.825454,DB-Server-01,CPU_usage,6.31,64,500
2026-04-08 00:11:26.825454,DB-Server-01,CPU_usage,6.1,64,500
2026-04-08 00:26:26.825454,DB-Server-01,CPU_usage,7.11,64,500
2026-04-08 00:41:26.825454,DB-Server-01,CPU_usage,6.7,64,500
2026-04-08 00:56:26.825454,DB-Server-01,CPU_usage,4.38,64,500
2026-04-08 01:11:26.825454,DB-Server-01,CPU_usage,3.88,64,500
2026-04-08 01:26:26.825454,DB-Server-01,CPU_usage,12.27,64,500
2026-04-08 01:41:26.825454,DB-Server-01,CPU_usage,7.82,64,500
2026-04-08 01:56:26.825454,DB-Server-01,CPU_usage,11.72,64,500
2026-04-08 02:11:26.825454,DB-Server-01,CPU_usage,8.01,64,500
2026-04-08 02:26:26.825454,DB-Server-01,CPU_usage,10.63,64,500
2026-04-08 02:41:26.825454,DB-Server-01,CPU_usage,9.32,64,500
2026-04-08 02:56:26.825454,DB-Server-01,CPU_usage,9.3,64,500
2026-04-08 03:11:26.825454,DB-Server-01,CPU_usage,9.44,64,500
2026-04-08 03:26:26.825454,DB-Server-01,CPU_usage,11.09,64,500
2026-04-08 03:41:26.825454,DB-Server-01,CPU_usage,12.61,64,500
2026-04-08 03:56:26.825454,DB-Server-01,CPU_usage,8.55,64,500
2026-04-08 04:11:26.825454,DB-Server-01,CPU_usage,9.32,64,500
2026-04-08 04:26:26.825454,DB-Server-01,CPU_usage,16.93,64,500
2026-04-08 04:41:26.825454,DB-Server-01,CPU_usage,10.92,64,500
2026-04-08 04:56:26.825454,DB-Server-01,CPU_usage,9.68,64,500
2026-04-08 05:11:26.825454,DB-Server-01,CPU_usage,13.81,64,500
2026-04-08 05:26:26.825454,DB-Server-01,CPU_usage,16.64,64,500
2026-04-08 05:41:26.825454,DB-Server-01,CPU_usage,11.79,64,500
2026-04-08 05:56:26.825454,DB-Server-01,CPU_usage,12.14,64,500
2026-04-08 06:11:26.825454,DB-Server-01,CPU_usage,12.75,64,500
2026-04-08 06:26:26.825454,DB-Server-01,CPU_usage,9.36,64,500
2026-04-08 06:41:26.825454,DB-Server-01,CPU_usage,18.24,64,500
2026-04-08 06:56:26.825454,DB-Server-01,CPU_usage,13.73,64,500
2026-04-08 07:11:26.825454,DB-Server-01,CPU_usage,15.01,64,500
2026-04-08 07:26:26.825454,DB-Server-01,CPU_usage,14.61,64,500
2026-04-08 07:41:26.825454,DB-Server-01,CPU_usage,11.73,64,500
2026-04-08 07:56:26.825454,DB-Server-01,CPU_usage,15.79,64,500
2026-04-08 08:11:26.825454,DB-Server-01,CPU_usage,10.96,64,500
2026-04-08 08:26:26.825454,DB-Server-01,CPU_usage,13.36,64,500
2026-04-08 08:41:26.825454,DB-Server-01,CPU_usage,11.97,64,500
2026-04-08 08:56:26.825454,DB-Server-01,CPU_usage,18.76,64,500
2026-04-08 09:11:26.825454,DB-Server-01,CPU_usage,16.8,64,500
2026-04-08 09:26:26.825454,DB-Server-01,CPU_usage,14.53,64,500
2026-04-08 09:41:26.825454,DB-Server-01,CPU_usage,13.23,64,500
2026-04-08 09:56:26.825454,DB-Server-01,CPU_usage,17.57,64,500
2026-04-08 10:11:26.825454,DB-Server-01,CPU_usage,15.19,64,500
2026-04-08 10:26:26.825454,DB-Server-01,CPU_usage,17.29,64,500
2026-04-08 10:41:26.825454,DB-Server-01,CPU_usage,14.19,64,500
2026-04-08 10:56:26.825454,DB-Server-01,CPU_usage,12.85,64,500
2026-04-08 11:11:26.825454,DB-Server-01,CPU_usage,17.97,64,500
2026-04-08 11:26:26.825454,DB-Server-01,CPU_usage,13.7,64,500
2026-04-08 11:41:26.825454,DB-Server-01,CPU_usage,15.06,64,500
2026-04-08 11:56:26.825454,DB-Server-01,CPU_usage,11.67,64,500
2026-04-08 12:11:26.825454,DB-Server-01,CPU_usage,12.26,64,500
2026-04-08 12:26:26.825454,DB-Server-01,CPU_usage,14.86,64,500
2026-04-08 12:41:26.825454,DB-Server-01,CPU_usage,10.41,64,500
2026-04-08 12:56:26.825454,DB-Server-01,CPU_usage,11.59,64,500
2026-04-08 13:11:26.825454,DB-Server-01,CPU_usage,11.78,64,500
2026-04-08 13:26:26.825454,DB-Server-01,CPU_usage,7.79,64,500
2026-04-08 13:41:26.825454,DB-Server-01,CPU_usage,10.67,64,500
2026-04-08 13:56:26.825454,DB-Server-01,CPU_usage,15.3,64,500
2026-04-08 14:11:26.825454,DB-Server-01,CPU_usage,9.63,64,500
2026-04-08 14:26:26.825454,DB-Server-01,CPU_usage,8.25,64,500
2026-04-08 14:41:26.825454,DB-Server-01,CPU_usage,8.98,64,500
2026-04-08 14:56:26.825454,DB-Server-01,CPU_usage,13.39,64,500
2026-04-08 15:11:26.825454,DB-Server-01,CPU_usage,12.28,64,500
2026-04-08 15:26:26.825454,DB-Server-01,CPU_usage,10.94,64,500
2026-04-08 15:41:26.825454,DB-Server-01,CPU_usage,10.1,64,500
2026-04-08 15:56:26.825454,DB-Server-01,CPU_usage,10.73,64,500
2026-04-08 16:11:26.825454,DB-Server-01,CPU_usage,7.73,64,500
2026-04-08 16:26:26.825454,DB-Server-01,CPU_usage,6.96,64,500
2026-04-08 16:41:26.825454,DB-Server-01,CPU_usage,4.89,64,500
2026-04-08 16:56:26.825454,DB-Server-01,CPU_usage,9.57,64,500
2026-04-08 17:11:26.825454,DB-Server-01,CPU_usage,7.97,64,500
2026-04-08 17:26:26.825454,DB-Server-01,CPU_usage,5.5,64,500
2026-04-08 17:41:26.825454,DB-Server-01,CPU_usage,7.11,64,500
2026-04-08 17:56:26.825454,DB-Server-01,CPU_usage,8.42,64,500
2026-04-08 18:11:26.825454,DB-Server-01,CPU_usage,8.22,64,500
2026-04-08 18:26:26.825454,DB-Server-01,CPU_usage,4.95,64,500
2026-04-08 18:41:26.825454,DB-Server-01,CPU_usage,7.83,64,500
2026-04-08 18:56:26.825454,DB-Server-01,CPU_usage,7.18,64,500
2026-04-08 19:11:26.825454,DB-Server-01,CPU_usage,8.44,64,500
2026-04-08 19:26:26.825454,DB-Server-01,CPU_usage,6.73,64,500
2026-04-08 19:41:26.825454,DB-Server-01,CPU_usage,2.42,64,500
2026-04-08 19:56:26.825454,DB-Server-01,CPU_usage,4.62,64,500
2026-04-08 20:11:26.825454,DB-Server-01,CPU_usage,5.73,64,500
2026-04-08 20:26:26.825454,DB-Server-01,CPU_usage,3.77,64,500
2026-04-08 20:41:26.825454,DB-Server-01,CPU_usage,3.22,64,500
2026-04-08 20:56:26.825454,DB-Server-01,CPU_usage,5.69,64,500
2026-04-08 21:11:26.825454,DB-Server-01,CPU_usage,1.51,64,500
2026-04-08 21:26:26.825454,DB-Server-01,CPU_usage,3.03,64,500
2026-04-08 21:41:26.825454,DB-Server-01,CPU_usage,4.79,64,500
2026-04-08 21:56:26.825454,DB-Server-01,CPU_usage,8.14,64,500
2026-04-08 22:11:26.825454,DB-Server-01,CPU_usage,4.68,64,500
2026-04-08 22:26:26.825454,DB-Server-01,CPU_usage,3.64,64,500
2026-04-08 22:41:26.825454,DB-Server-01,CPU_usage,3.88,64,500
2026-04-08 22:56:26.825454,DB-Server-01,CPU_usage,4.49,64,500
2026-04-08 23:11:26.825454,DB-Server-01,CPU_usage,7.83,64,500
2026-04-08 23:26:26.825454,DB-Server-01,CPU_usage,5.15,64,500
2026-04-08 23:41:26.825454,DB-Server-01,CPU_usage,4.03,64,500
2026-04-08 23:56:26.825454,DB-Server-01,CPU_usage,11.0,64,500
2026-04-09 00:11:26.825454,DB-Server-01,CPU_usage,7.12,64,500
2026-04-09 00:26:26.825454,DB-Server-01,CPU_usage,6.63,64,500
2026-04-09 00:41:26.825454,DB-Server-01,CPU_usage,8.84,64,500
2026-04-09 00:56:26.825454,DB-Server-01,CPU_usage,6.42,64,500
2026-04-09 01:11:26.825454,DB-Server-01,CPU_usage,11.66,64,500
2026-04-09 01:26:26.825454,DB-Server-01,CPU_usage,7.2,64,500
2026-04-09 01:41:26.825454,DB-Server-01,CPU_usage,7.16,64,500
2026-04-09 01:56:26.825454,DB-Server-01,CPU_usage,7.44,64,500
2026-04-09 02:11:26.825454,DB-Server-01,CPU_usage,12.17,64,500
2026-04-09 02:26:26.825454,DB-Server-01,CPU_usage,8.71,64,500
2026-04-09 02:41:26.825454,DB-Server-01,CPU_usage,14.12,64,500
2026-04-09 02:56:26.825454,DB-Server-01,CPU_usage,11.03,64,500
2026-04-09 03:11:26.825454,DB-Server-01,CPU_usage,10.34,64,500
2026-04-09 03:26:26.825454,DB-Server-01,CPU_usage,13.64,64,500
2026-04-09 03:41:26.825454,DB-Server-01,CPU_usage,11.14,64,500
2026-04-09 03:56:26.825454,DB-Server-01,CPU_usage,12.41,64,500
2026-04-09 04:11:26.825454,DB-Server-01,CPU_usage,12.33,64,500
2026-04-09 04:26:26.825454,DB-Server-01,CPU_usage,16.46,64,500
2026-04-09 04:41:26.825454,DB-Server-01,CPU_usage,12.18,64,500
2026-04-09 04:56:26.825454,DB-Server-01,CPU_usage,13.1,64,500
2026-04-09 05:11:26.825454,DB-Server-01,CPU_usage,13.77,64,500
2026-04-09 05:26:26.825454,DB-Server-01,CPU_usage,14.76,64,500
2026-04-09 05:41:26.825454,DB-Server-01,CPU_usage,14.86,64,500
2026-04-09 05:56:26.825454,DB-Server-01,CPU_usage,11.67,64,500
2026-04-09 06:11:26.825454,DB-Server-01,CPU_usage,16.42,64,500
2026-04-09 06:26:26.825454,DB-Server-01,CPU_usage,15.69,64,500
2026-04-09 06:41:26.825454,DB-Server-01,CPU_usage,18.17,64,500
2026-04-09 06:56:26.825454,DB-Server-01,CPU_usage,15.71,64,500
2026-04-09 07:11:26.825454,DB-Server-01,CPU_usage,15.3,64,500
2026-04-09 07:26:26.825454,DB-Server-01,CPU_usage,17.36,64,500
2026-04-09 07:41:26.825454,DB-Server-01,CPU_usage,20.39,64,500
2026-04-09 07:56:26.825454,DB-Server-01,CPU_usage,15.6,64,500
2026-04-09 08:11:26.825454,DB-Server-01,CPU_usage,14.94,64,500
2026-04-09 08:26:26.825454,DB-Server-01,CPU_usage,13.19,64,500
2026-04-09 08:41:26.825454,DB-Server-01,CPU_usage,12.38,64,500
2026-04-09 08:56:26.825454,DB-Server-01,CPU_usage,15.63,64,500
2026-04-09 09:11:26.825454,DB-Server-01,CPU_usage,14.71,64,500
2026-04-09 09:26:26.825454,DB-Server-01,CPU_usage,16.92,64,500
2026-04-09 09:41:26.825454,DB-Server-01,CPU_usage,14.06,64,500
2026-04-09 09:56:26.825454,DB-Server-01,CPU_usage,14.04,64,500
2026-04-09 10:11:26.825454,DB-Server-01,CPU_usage,12.91,64,500
2026-04-09 10:26:26.825454,DB-Server-01,CPU_usage,14.67,64,500
2026-04-09 10:41:26.825454,DB-Server-01,CPU_usage,12.55,64,500
2026-04-09 10:56:26.825454,DB-Server-01,CPU_usage,11.89,64,500
2026-04-09 11:11:26.825454,DB-Server-01,CPU_usage,12.15,64,500
2026-04-09 11:26:26.825454,DB-Server-01,CPU_usage,14.06,64,500
2026-04-09 11:41:26.825454,DB-Server-01,CPU_usage,14.14,64,500
2026-04-09 11:56:26.825454,DB-Server-01,CPU_usage,17.6,64,500
2026-04-09 12:11:26.825454,DB-Server-01,CPU_usage,17.11,64,500
2026-04-09 12:26:26.825454,DB-Server-01,CPU_usage,12.16,64,500
2026-04-09 12:41:26.825454,DB-Server-01,CPU_usage,9.33,64,500
2026-04-09 12:56:26.825454,DB-Server-01,CPU_usage,11.54,64,500
2026-04-09 13:11:26.825454,DB-Server-01,CPU_usage,9.94,64,500
2026-04-09 13:26:26.825454,DB-Server-01,CPU_usage,10.67,64,500
2026-04-09 13:41:26.825454,DB-Server-01,CPU_usage,12.43,64,500
2026-04-09 13:56:26.825454,DB-Server-01,CPU_usage,11.26,64,500
2026-04-09 14:11:26.825454,DB-Server-01,CPU_usage,10.34,64,500
2026-04-09 14:26:26.825454,DB-Server-01,CPU_usage,9.74,64,500
2026-04-09 14:41:26.825454,DB-Server-01,CPU_usage,6.59,64,500
2026-04-09 14:56:26.825454,DB-Server-01,CPU_usage,11.46,64,500
2026-04-09 15:11:26.825454,DB-Server-01,CPU_usage,10.66,64,500
2026-04-09 15:26:26.825454,DB-Server-01,CPU_usage,11.99,64,500
2026-04-09 15:41:26.825454,DB-Server-01,CPU_usage,10.5,64,500
2026-04-09 15:56:26.825454,DB-Server-01,CPU_usage,5.41,64,500
2026-04-09 16:11:26.825454,DB-Server-01,CPU_usage,4.81,64,500
2026-04-09 16:26:26.825454,DB-Server-01,CPU_usage,7.82,64,500
2026-04-09 16:41:26.825454,DB-Server-01,CPU_usage,9.88,64,500
2026-04-09 16:56:26.825454,DB-Server-01,CPU_usage,8.8,64,500
2026-04-09 17:11:26.825454,DB-Server-01,CPU_usage,7.95,64,500
2026-04-09 17:26:26.825454,DB-Server-01,CPU_usage,4.73,64,500
2026-04-09 17:41:26.825454,DB-Server-01,CPU_usage,7.48,64,500
2026-04-09 17:56:26.825454,DB-Server-01,CPU_usage,5.23,64,500
2026-04-09 18:11:26.825454,DB-Server-01,CPU_usage,8.75,64,500
2026-04-09 18:26:26.825454,DB-Server-01,CPU_usage,7.27,64,500
2026-04-09 18:41:26.825454,DB-Server-01,CPU_usage,7.94,64,500
2026-04-09 18:56:26.825454,DB-Server-01,CPU_usage,4.51,64,500
2026-04-09 19:11:26.825454,DB-Server-01,CPU_usage,3.15,64,500
2026-04-09 19:26:26.825454,DB-Server-01,CPU_usage,4.33,64,500
2026-04-09 19:41:26.825454,DB-Server-01,CPU_usage,6.05,64,500
2026-04-09 19:56:26.825454,DB-Server-01,CPU_usage,10.05,64,500
2026-04-09 20:11:26.825454,DB-Server-01,CPU_usage,6.81,64,500
2026-04-09 20:26:26.825454,DB-Server-01,CPU_usage,6.63,64,500
2026-04-09 20:41:26.825454,DB-Server-01,CPU_usage,4.46,64,500
2026-04-09 20:56:26.825454,DB-Server-01,CPU_usage,3.02,64,500
2026-04-09 21:11:26.825454,DB-Server-01,CPU_usage,4.52,64,500
2026-04-09 21:26:26.825454,DB-Server-01,CPU_usage,5.15,64,500
2026-04-09 21:41:26.825454,DB-Server-01,CPU_usage,5.89,64,500
2026-04-09 21:56:26.825454,DB-Server-01,CPU_usage,5.21,64,500
2026-04-09 22:11:26.825454,DB-Server-01,CPU_usage,1.49,64,500
2026-04-09 22:26:26.825454,DB-Server-01,CPU_usage,3.98,64,500
2026-04-09 22:41:26.825454,DB-Server-01,CPU_usage,6.49,64,500
2026-04-09 22:56:26.825454,DB-Server-01,CPU_usage,5.25,64,500
2026-04-09 23:11:26.825454,DB-Server-01,CPU_usage,4.4,64,500
2026-04-09 23:26:26.825454,DB-Server-01,CPU_usage,3.21,64,500
2026-04-09 23:41:26.825454,DB-Server-01,CPU_usage,8.04,64,500
2026-04-09 23:56:26.825454,DB-Server-01,CPU_usage,10.06,64,500
2026-04-10 00:11:26.825454,DB-Server-01,CPU_usage,3.53,64,500
2026-04-10 00:26:26.825454,DB-Server-01,CPU_usage,9.33,64,500
2026-04-10 00:41:26.825454,DB-Server-01,CPU_usage,10.21,64,500
2026-04-10 00:56:26.825454,DB-Server-01,CPU_usage,8.72,64,500
2026-04-10 01:11:26.825454,DB-Server-01,CPU_usage,10.98,64,500
2026-04-10 01:26:26.825454,DB-Server-01,CPU_usage,12.15,64,500
2026-04-10 01:41:26.825454,DB-Server-01,CPU_usage,8.67,64,500
2026-04-10 01:56:26.825454,DB-Server-01,CPU_usage,12.62,64,500
2026-04-10 02:11:26.825454,DB-Server-01,CPU_usage,7.26,64,500
2026-04-10 02:26:26.825454,DB-Server-01,CPU_usage,8.43,64,500
2026-04-10 02:41:26.825454,DB-Server-01,CPU_usage,12.5,64,500
2026-04-10 02:56:26.825454,DB-Server-01,CPU_usage,9.64,64,500
2026-04-10 03:11:26.825454,DB-Server-01,CPU_usage,10.86,64,500
2026-04-10 03:26:26.825454,DB-Server-01,CPU_usage,9.12,64,500
2026-04-10 03:41:26.825454,DB-Server-01,CPU_usage,12.52,64,500
2026-04-10 03:56:26.825454,DB-Server-01,CPU_usage,11.61,64,500
2026-04-10 04:11:26.825454,DB-Server-01,CPU_usage,10.19,64,500
2026-04-10 04:26:26.825454,DB-Server-01,CPU_usage,12.88,64,500
2026-04-10 04:41:26.825454,DB-Server-01,CPU_usage,13.73,64,500
2026-04-10 04:56:26.825454,DB-Server-01,CPU_usage,11.24,64,500
2026-04-10 05:11:26.825454,DB-Server-01,CPU_usage,10.53,64,500
2026-04-10 05:26:26.825454,DB-Server-01,CPU_usage,12.94,64,500
2026-04-10 05:41:26.825454,DB-Server-01,CPU_usage,11.72,64,500
2026-04-10 05:56:26.825454,DB-Server-01,CPU_usage,14.04,64,500
2026-04-10 06:11:26.825454,DB-Server-01,CPU_usage,13.46,64,500
2026-04-10 06:26:26.825454,DB-Server-01,CPU_usage,16.39,64,500
2026-04-10 06:41:26.825454,DB-Server-01,CPU_usage,13.38,64,500
2026-04-10 06:56:26.825454,DB-Server-01,CPU_usage,12.98,64,500
2026-04-10 07:11:26.825454,DB-Server-01,CPU_usage,14.77,64,500
2026-04-10 07:26:26.825454,DB-Server-01,CPU_usage,17.26,64,500
2026-04-10 07:41:26.825454,DB-Server-01,CPU_usage,15.74,64,500
2026-04-10 07:56:26.825454,DB-Server-01,CPU_usage,15.0,64,500
2026-04-10 08:11:26.825454,DB-Server-01,CPU_usage,16.14,64,500
2026-04-10 08:26:26.825454,DB-Server-01,CPU_usage,16.24,64,500
2026-04-10 08:41:26.825454,DB-Server-01,CPU_usage,12.38,64,500
2026-04-10 08:56:26.825454,DB-Server-01,CPU_usage,17.46,64,500
2026-04-10 09:11:26.825454,DB-Server-01,CPU_usage,12.93,64,500
2026-04-10 09:26:26.825454,DB-Server-01,CPU_usage,15.52,64,500
2026-04-10 09:41:26.825454,DB-Server-01,CPU_usage,16.74,64,500
2026-04-10 09:56:26.825454,DB-Server-01,CPU_usage,15.8,64,500
2026-04-10 10:11:26.825454,DB-Server-01,CPU_usage,13.1,64,500
2026-04-10 10:26:26.825454,DB-Server-01,CPU_usage,14.76,64,500
2026-04-10 10:41:26.825454,DB-Server-01,CPU_usage,14.64,64,500
2026-04-10 10:56:26.825454,DB-Server-01,CPU_usage,18.13,64,500
2026-04-10 11:11:26.825454,DB-Server-01,CPU_usage,13.25,64,500
2026-04-10 11:26:26.825454,DB-Server-01,CPU_usage,11.75,64,500
2026-04-10 11:41:26.825454,DB-Server-01,CPU_usage,14.76,64,500
2026-04-10 11:56:26.825454,DB-Server-01,CPU_usage,11.32,64,500
2026-04-10 12:11:26.825454,DB-Server-01,CPU_usage,13.48,64,500
2026-04-10 12:26:26.825454,DB-Server-01,CPU_usage,9.69,64,500
2026-04-10 12:41:26.825454,DB-Server-01,CPU_usage,11.42,64,500
2026-04-10 12:56:26.825454,DB-Server-01,CPU_usage,11.5,64,500
2026-04-10 13:11:26.825454,DB-Server-01,CPU_usage,14.07,64,500
2026-04-10 13:26:26.825454,DB-Server-01,CPU_usage,11.34,64,500
2026-04-10 13:41:26.825454,DB-Server-01,CPU_usage,11.58,64,500
2026-04-10 13:56:26.825454,DB-Server-01,CPU_usage,9.06,64,500
2026-04-10 14:11:26.825454,DB-Server-01,CPU_usage,6.97,64,500
2026-04-10 14:26:26.825454,DB-Server-01,CPU_usage,7.97,64,500
2026-04-10 14:41:26.825454,DB-Server-01,CPU_usage,11.14,64,500
2026-04-10 14:56:26.825454,DB-Server-01,CPU_usage,9.47,64,500
2026-04-10 15:11:26.825454,DB-Server-01,CPU_usage,6.93,64,500
2026-04-10 15:26:26.825454,DB-Server-01,CPU_usage,10.85,64,500
2026-04-10 15:41:26.825454,DB-Server-01,CPU_usage,9.76,64,500
2026-04-10 15:56:26.825454,DB-Server-01,CPU_usage,5.99,64,500
2026-04-10 16:11:26.825454,DB-Server-01,CPU_usage,9.4,64,500
2026-04-10 16:26:26.825454,DB-Server-01,CPU_usage,7.37,64,500
2026-04-10 16:41:26.825454,DB-Server-01,CPU_usage,6.87,64,500
2026-04-10 16:56:26.825454,DB-Server-01,CPU_usage,4.27,64,500
2026-04-10 17:11:26.825454,DB-Server-01,CPU_usage,9.95,64,500
2026-04-10 17:26:26.825454,DB-Server-01,CPU_usage,5.54,64,500
2026-04-10 17:41:26.825454,DB-Server-01,CPU_usage,8.22,64,500
2026-04-10 17:56:26.825454,DB-Server-01,CPU_usage,7.78,64,500
2026-04-10 18:11:26.825454,DB-Server-01,CPU_usage,6.08,64,500
2026-04-10 18:26:26.825454,DB-Server-01,CPU_usage,5.47,64,500
2026-04-10 18:41:26.825454,DB-Server-01,CPU_usage,4.48,64,500
2026-04-10 18:56:26.825454,DB-Server-01,CPU_usage,4.73,64,500
2026-04-10 19:11:26.825454,DB-Server-01,CPU_usage,1.29,64,500
2026-04-10 19:26:26.825454,DB-Server-01,CPU_usage,4.56,64,500
2026-04-10 19:41:26.825454,DB-Server-01,CPU_usage,3.67,64,500
2026-04-10 19:56:26.825454,DB-Server-01,CPU_usage,6.88,64,500
2026-04-10 20:11:26.825454,DB-Server-01,CPU_usage,6.04,64,500
2026-04-10 20:26:26.825454,DB-Server-01,CPU_usage,2.44,64,500
2026-04-10 20:41:26.825454,DB-Server-01,CPU_usage,2.52,64,500
2026-04-10 20:56:26.825454,DB-Server-01,CPU_usage,8.18,64,500
2026-04-10 21:11:26.825454,DB-Server-01,CPU_usage,4.1,64,500
2026-04-10 21:26:26.825454,DB-Server-01,CPU_usage,7.83,64,500
2026-04-10 21:41:26.825454,DB-Server-01,CPU_usage,7.79,64,500
2026-04-10 21:56:26.825454,DB-Server-01,CPU_usage,6.2,64,500
2026-04-10 22:11:26.825454,DB-Server-01,CPU_usage,0.86,64,500
2026-04-10 22:26:26.825454,DB-Server-01,CPU_usage,2.85,64,500
2026-04-10 22:41:26.825454,DB-Server-01,CPU_usage,6.27,64,500
2026-04-10 22:56:26.825454,DB-Server-01,CPU_usage,4.27,64,500
2026-04-10 23:11:26.825454,DB-Server-01,CPU_usage,7.76,64,500
2026-04-10 23:26:26.825454,DB-Server-01,CPU_usage,4.85,64,500
2026-04-10 23:41:26.825454,DB-Server-01,CPU_usage,7.65,64,500
2026-04-10 23:56:26.825454,DB-Server-01,CPU_usage,8.26,64,500
2026-04-11 00:11:26.825454,DB-Server-01,CPU_usage,7.22,64,500
2026-04-11 00:26:26.825454,DB-Server-01,CPU_usage,7.95,64,500
2026-04-11 00:41:26.825454,DB-Server-01,CPU_usage,7.18,64,500
2026-04-11 00:56:26.825454,DB-Server-01,CPU_usage,4.28,64,500
2026-04-11 01:11:26.825454,DB-Server-01,CPU_usage,9.62,64,500
2026-04-11 01:26:26.825454,DB-Server-01,CPU_usage,11.61,64,500
2026-04-11 01:41:26.825454,DB-Server-01,CPU_usage,13.4,64,500
2026-04-11 01:56:26.825454,DB-Server-01,CPU_usage,8.88,64,500
2026-04-11 02:11:26.825454,DB-Server-01,CPU_usage,12.97,64,500
2026-04-11 02:26:26.825454,DB-Server-01,CPU_usage,12.38,64,500
2026-04-11 02:41:26.825454,DB-Server-01,CPU_usage,10.3,64,500
2026-04-11 02:56:26.825454,DB-Server-01,CPU_usage,9.37,64,500
2026-04-11 03:11:26.825454,DB-Server-01,CPU_usage,14.4,64,500
2026-04-11 03:26:26.825454,DB-Server-01,CPU_usage,12.43,64,500
2026-04-11 03:41:26.825454,DB-Server-01,CPU_usage,11.45,64,500
2026-04-11 03:56:26.825454,DB-Server-01,CPU_usage,12.44,64,500
2026-04-11 04:11:26.825454,DB-Server-01,CPU_usage,10.48,64,500
2026-04-11 04:26:26.825454,DB-Server-01,CPU_usage,13.1,64,500
2026-04-11 04:41:26.825454,DB-Server-01,CPU_usage,10.01,64,500
2026-04-11 04:56:26.825454,DB-Server-01,CPU_usage,14.95,64,500
2026-04-11 05:11:26.825454,DB-Server-01,CPU_usage,15.85,64,500
2026-04-11 05:26:26.825454,DB-Server-01,CPU_usage,16.41,64,500
2026-04-11 05:41:26.825454,DB-Server-01,CPU_usage,15.06,64,500
2026-04-11 05:56:26.825454,DB-Server-01,CPU_usage,15.51,64,500
2026-04-11 06:11:26.825454,DB-Server-01,CPU_usage,13.97,64,500
2026-04-11 06:26:26.825454,DB-Server-01,CPU_usage,13.1,64,500
2026-04-11 06:41:26.825454,DB-Server-01,CPU_usage,13.9,64,500
2026-04-11 06:56:26.825454,DB-Server-01,CPU_usage,14.04,64,500
2026-04-11 07:11:26.825454,DB-Server-01,CPU_usage,12.87,64,500
2026-04-11 07:26:26.825454,DB-Server-01,CPU_usage,13.95,64,500
2026-04-11 07:41:26.825454,DB-Server-01,CPU_usage,15.36,64,500
2026-04-11 07:56:26.825454,DB-Server-01,CPU_usage,17.06,64,500
2026-04-11 08:11:26.825454,DB-Server-01,CPU_usage,15.07,64,500
2026-04-11 08:26:26.825454,DB-Server-01,CPU_usage,12.68,64,500
2026-04-11 08:41:26.825454,DB-Server-01,CPU_usage,11.52,64,500
2026-04-11 08:56:26.825454,DB-Server-01,CPU_usage,15.8,64,500
2026-04-11 09:11:26.825454,DB-Server-01,CPU_usage,13.99,64,500
2026-04-11 09:26:26.825454,DB-Server-01,CPU_usage,16.9,64,500
2026-04-11 09:41:26.825454,DB-Server-01,CPU_usage,15.36,64,500
2026-04-11 09:56:26.825454,DB-Server-01,CPU_usage,13.22,64,500
2026-04-11 10:11:26.825454,DB-Server-01,CPU_usage,12.09,64,500
2026-04-11 10:26:26.825454,DB-Server-01,CPU_usage,13.11,64,500
2026-04-11 10:41:26.825454,DB-Server-01,CPU_usage,14.89,64,500
2026-04-11 10:56:26.825454,DB-Server-01,CPU_usage,16.31,64,500
2026-04-11 11:11:26.825454,DB-Server-01,CPU_usage,11.39,64,500
2026-04-11 11:26:26.825454,DB-Server-01,CPU_usage,10.29,64,500
2026-04-11 11:41:26.825454,DB-Server-01,CPU_usage,11.9,64,500
2026-04-11 11:56:26.825454,DB-Server-01,CPU_usage,13.02,64,500
2026-04-11 12:11:26.825454,DB-Server-01,CPU_usage,12.01,64,500
2026-04-11 12:26:26.825454,DB-Server-01,CPU_usage,10.28,64,500
2026-04-11 12:41:26.825454,DB-Server-01,CPU_usage,10.1,64,500
2026-04-11 12:56:26.825454,DB-Server-01,CPU_usage,13.58,64,500
2026-04-11 13:11:26.825454,DB-Server-01,CPU_usage,12.03,64,500
2026-04-11 13:26:26.825454,DB-Server-01,CPU_usage,9.43,64,500
2026-04-11 13:41:26.825454,DB-Server-01,CPU_usage,9.16,64,500
2026-04-11 13:56:26.825454,DB-Server-01,CPU_usage,13.16,64,500
2026-04-11 14:11:26.825454,DB-Server-01,CPU_usage,10.73,64,500
2026-04-11 14:26:26.825454,DB-Server-01,CPU_usage,10.78,64,500
2026-04-11 14:41:26.825454,DB-Server-01,CPU_usage,8.44,64,500
2026-04-11 14:56:26.825454,DB-Server-01,CPU_usage,11.97,64,500
2026-04-11 15:11:26.825454,DB-Server-01,CPU_usage,8.47,64,500
2026-04-11 15:26:26.825454,DB-Server-01,CPU_usage,10.63,64,500
2026-04-11 15:41:26.825454,DB-Server-01,CPU_usage,11.26,64,500
2026-04-11 15:56:26.825454,DB-Server-01,CPU_usage,8.7,64,500
2026-04-11 16:11:26.825454,DB-Server-01,CPU_usage,9.1,64,500
2026-04-11 16:26:26.825454,DB-Server-01,CPU_usage,6.03,64,500
2026-04-11 16:41:26.825454,DB-Server-01,CPU_usage,6.32,64,500
2026-04-11 16:56:26.825454,DB-Server-01,CPU_usage,8.93,64,500
2026-04-11 17:11:26.825454,DB-Server-01,CPU_usage,7.9,64,500
2026-04-11 17:26:26.825454,DB-Server-01,CPU_usage,8.52,64,500
2026-04-11 17:41:26.825454,DB-Server-01,CPU_usage,4.94,64,500
2026-04-11 17:56:26.825454,DB-Server-01,CPU_usage,5.2,64,500
2026-04-11 18:11:26.825454,DB-Server-01,CPU_usage,3.4,64,500
2026-04-11 18:26:26.825454,DB-Server-01,CPU_usage,3.86,64,500
2026-04-11 18:41:26.825454,DB-Server-01,CPU_usage,3.87,64,500
2026-04-11 18:56:26.825454,DB-Server-01,CPU_usage,3.09,64,500
2026-04-11 19:11:26.825454,DB-Server-01,CPU_usage,3.0,64,500
2026-04-11 19:26:26.825454,DB-Server-01,CPU_usage,6.08,64,500
2026-04-11 19:41:26.825454,DB-Server-01,CPU_usage,2.51,64,500
2026-04-11 19:56:26.825454,DB-Server-01,CPU_usage,4.64,64,500
2026-04-11 20:11:26.825454,DB-Server-01,CPU_usage,0.51,64,500
2026-04-11 20:26:26.825454,DB-Server-01,CPU_usage,4.36,64,500
2026-04-11 20:41:26.825454,DB-Server-01,CPU_usage,5.65,64,500
2026-04-11 20:56:26.825454,DB-Server-01,CPU_usage,6.83,64,500
2026-04-11 21:11:26.825454,DB-Server-01,CPU_usage,4.42,64,500
2026-04-11 21:26:26.825454,DB-Server-01,CPU_usage,4.73,64,500
2026-04-11 21:41:26.825454,DB-Server-01,CPU_usage,1.63,64,500
2026-04-11 21:56:26.825454,DB-Server-01,CPU_usage,7.63,64,500
2026-04-11 22:11:26.825454,DB-Server-01,CPU_usage,3.31,64,500
2026-04-11 22:26:26.825454,DB-Server-01,CPU_usage,7.55,64,500
2026-04-11 22:41:26.825454,DB-Server-01,CPU_usage,3.7,64,500
2026-04-11 22:56:26.825454,DB-Server-01,CPU_usage,9.27,64,500
2026-04-11 23:11:26.825454,DB-Server-01,CPU_usage,7.75,64,500
2026-04-11 23:26:26.825454,DB-Server-01,CPU_usage,3.8,64,500
2026-04-11 23:41:26.825454,DB-Server-01,CPU_usage,9.39,64,500
2026-04-11 23:56:26.825454,DB-Server-01,CPU_usage,9.59,64,500
2026-04-12 00:11:26.825454,DB-Server-01,CPU_usage,7.67,64,500
2026-04-12 00:26:26.825454,DB-Server-01,CPU_usage,8.93,64,500
2026-04-12 00:41:26.825454,DB-Server-01,CPU_usage,8.48,64,500
2026-04-12 00:56:26.825454,DB-Server-01,CPU_usage,6.62,64,500
2026-04-12 01:11:26.825454,DB-Server-01,CPU_usage,7.73,64,500
2026-04-12 01:26:26.825454,DB-Server-01,CPU_usage,5.94,64,500
2026-04-12 01:41:26.825454,DB-Server-01,CPU_usage,9.83,64,500
2026-04-12 01:56:26.825454,DB-Server-01,CPU_usage,7.78,64,500
2026-04-12 02:11:26.825454,DB-Server-01,CPU_usage,9.47,64,500
2026-04-12 02:26:26.825454,DB-Server-01,CPU_usage,12.41,64,500
2026-04-12 02:41:26.825454,DB-Server-01,CPU_usage,8.0,64,500
2026-04-12 02:56:26.825454,DB-Server-01,CPU_usage,11.26,64,500
2026-04-12 03:11:26.825454,DB-Server-01,CPU_usage,13.38,64,500
2026-04-12 03:26:26.825454,DB-Server-01,CPU_usage,9.36,64,500
2026-04-12 03:41:26.825454,DB-Server-01,CPU_usage,11.18,64,500
2026-04-12 03:56:26.825454,DB-Server-01,CPU_usage,11.76,64,500
2026-04-12 04:11:26.825454,DB-Server-01,CPU_usage,12.65,64,500
2026-04-12 04:26:26.825454,DB-Server-01,CPU_usage,10.25,64,500
2026-04-12 04:41:26.825454,DB-Server-01,CPU_usage,14.49,64,500
2026-04-12 04:56:26.825454,DB-Server-01,CPU_usage,9.52,64,500
2026-04-12 05:11:26.825454,DB-Server-01,CPU_usage,14.17,64,500
2026-04-12 05:26:26.825454,DB-Server-01,CPU_usage,10.96,64,500
2026-04-12 05:41:26.825454,DB-Server-01,CPU_usage,13.91,64,500
2026-04-12 05:56:26.825454,DB-Server-01,CPU_usage,15.29,64,500
2026-04-12 06:11:26.825454,DB-Server-01,CPU_usage,15.43,64,500
2026-04-12 06:26:26.825454,DB-Server-01,CPU_usage,15.09,64,500
2026-04-12 06:41:26.825454,DB-Server-01,CPU_usage,15.52,64,500
2026-04-12 06:56:26.825454,DB-Server-01,CPU_usage,13.45,64,500
2026-04-12 07:11:26.825454,DB-Server-01,CPU_usage,18.81,64,500
2026-04-12 07:26:26.825454,DB-Server-01,CPU_usage,12.09,64,500
2026-04-12 07:41:26.825454,DB-Server-01,CPU_usage,16.82,64,500
2026-04-12 07:56:26.825454,DB-Server-01,CPU_usage,12.71,64,500
2026-04-12 08:11:26.825454,DB-Server-01,CPU_usage,20.44,64,500
2026-04-12 08:26:26.825454,DB-Server-01,CPU_usage,14.62,64,500
2026-04-12 08:41:26.825454,DB-Server-01,CPU_usage,18.79,64,500
2026-04-12 08:56:26.825454,DB-Server-01,CPU_usage,16.53,64,500
2026-04-12 09:11:26.825454,DB-Server-01,CPU_usage,14.73,64,500
2026-04-12 09:26:26.825454,DB-Server-01,CPU_usage,12.52,64,500
2026-04-12 09:41:26.825454,DB-Server-01,CPU_usage,15.77,64,500
2026-04-12 09:56:26.825454,DB-Server-01,CPU_usage,18.15,64,500
2026-04-12 10:11:26.825454,DB-Server-01,CPU_usage,16.55,64,500
2026-04-12 10:26:26.825454,DB-Server-01,CPU_usage,16.05,64,500
2026-04-12 10:41:26.825454,DB-Server-01,CPU_usage,13.96,64,500
2026-04-12 10:56:26.825454,DB-Server-01,CPU_usage,16.03,64,500
2026-04-12 11:11:26.825454,DB-Server-01,CPU_usage,12.39,64,500
2026-04-12 11:26:26.825454,DB-Server-01,CPU_usage,13.77,64,500
2026-04-12 11:41:26.825454,DB-Server-01,CPU_usage,11.34,64,500
2026-04-12 11:56:26.825454,DB-Server-01,CPU_usage,12.66,64,500
2026-04-12 12:11:26.825454,DB-Server-01,CPU_usage,15.75,64,500
2026-04-12 12:26:26.825454,DB-Server-01,CPU_usage,13.51,64,500
2026-04-12 12:41:26.825454,DB-Server-01,CPU_usage,13.23,64,500
2026-04-12 12:56:26.825454,DB-Server-01,CPU_usage,15.69,64,500
2026-04-12 13:11:26.825454,DB-Server-01,CPU_usage,10.26,64,500
2026-04-12 13:26:26.825454,DB-Server-01,CPU_usage,10.92,64,500
2026-04-12 13:41:26.825454,DB-Server-01,CPU_usage,12.4,64,500
2026-04-12 13:56:26.825454,DB-Server-01,CPU_usage,9.74,64,500
2026-04-12 14:11:26.825454,DB-Server-01,CPU_usage,11.57,64,500
2026-04-12 14:26:26.825454,DB-Server-01,CPU_usage,7.19,64,500
2026-04-12 14:41:26.825454,DB-Server-01,CPU_usage,7.98,64,500
2026-04-12 14:56:26.825454,DB-Server-01,CPU_usage,13.54,64,500
2026-04-12 15:11:26.825454,DB-Server-01,CPU_usage,11.01,64,500
2026-04-12 15:26:26.825454,DB-Server-01,CPU_usage,8.7,64,500
2026-04-12 15:41:26.825454,DB-Server-01,CPU_usage,9.94,64,500
2026-04-12 15:56:26.825454,DB-Server-01,CPU_usage,10.42,64,500
2026-04-12 16:11:26.825454,DB-Server-01,CPU_usage,6.11,64,500
2026-04-12 16:26:26.825454,DB-Server-01,CPU_usage,10.85,64,500
2026-04-12 16:41:26.825454,DB-Server-01,CPU_usage,6.91,64,500
2026-04-12 16:56:26.825454,DB-Server-01,CPU_usage,9.43,64,500
2026-04-12 17:11:26.825454,DB-Server-01,CPU_usage,6.23,64,500
2026-04-12 17:26:26.825454,DB-Server-01,CPU_usage,6.38,64,500
2026-04-12 17:41:26.825454,DB-Server-01,CPU_usage,4.55,64,500
2026-04-12 17:56:26.825454,DB-Server-01,CPU_usage,8.26,64,500
2026-04-12 18:11:26.825454,DB-Server-01,CPU_usage,7.64,64,500
2026-04-12 18:26:26.825454,DB-Server-01,CPU_usage,5.8,64,500
2026-04-12 18:41:26.825454,DB-Server-01,CPU_usage,3.52,64,500
2026-04-12 18:56:26.825454,DB-Server-01,CPU_usage,9.33,64,500
2026-04-12 19:11:26.825454,DB-Server-01,CPU_usage,5.5,64,500
2026-04-12 19:26:26.825454,DB-Server-01,CPU_usage,5.36,64,500
2026-04-12 19:41:26.825454,DB-Server-01,CPU_usage,4.72,64,500
2026-04-12 19:56:26.825454,DB-Server-01,CPU_usage,6.79,64,500
2026-04-12 20:11:26.825454,DB-Server-01,CPU_usage,7.66,64,500
2026-04-12 20:26:26.825454,DB-Server-01,CPU_usage,0.95,64,500
2026-04-12 20:41:26.825454,DB-Server-01,CPU_usage,5.22,64,500
2026-04-12 20:56:26.825454,DB-Server-01,CPU_usage,5.5,64,500
2026-04-12 21:11:26.825454,DB-Server-01,CPU_usage,3.25,64,500
2026-04-12 21:26:26.825454,DB-Server-01,CPU_usage,7.72,64,500
2026-04-12 21:41:26.825454,DB-Server-01,CPU_usage,5.42,64,500
2026-04-12 21:56:26.825454,DB-Server-01,CPU_usage,1.03,64,500
2026-04-12 22:11:26.825454,DB-Server-01,CPU_usage,6.92,64,500
2026-04-12 22:26:26.825454,DB-Server-01,CPU_usage,3.32,64,500
2026-04-12 22:41:26.825454,DB-Server-01,CPU_usage,5.62,64,500
2026-04-12 22:56:26.825454,DB-Server-01,CPU_usage,6.44,64,500
2026-04-12 23:11:26.825454,DB-Server-01,CPU_usage,8.04,64,500
2026-04-12 23:26:26.825454,DB-Server-01,CPU_usage,7.79,64,500
2026-04-12 23:41:26.825454,DB-Server-01,CPU_usage,6.66,64,500
2026-04-12 23:56:26.825454,DB-Server-01,CPU_usage,6.38,64,500
2026-04-13 00:11:26.825454,DB-Server-01,CPU_usage,8.97,64,500
2026-04-13 00:26:26.825454,DB-Server-01,CPU_usage,6.28,64,500
2026-04-13 00:41:26.825454,DB-Server-01,CPU_usage,8.04,64,500
2026-04-13 00:56:26.825454,DB-Server-01,CPU_usage,8.06,64,500
2026-04-13 01:11:26.825454,DB-Server-01,CPU_usage,11.35,64,500
2026-04-13 01:26:26.825454,DB-Server-01,CPU_usage,6.19,64,500
2026-04-13 01:41:26.825454,DB-Server-01,CPU_usage,9.99,64,500
2026-04-13 01:56:26.825454,DB-Server-01,CPU_usage,7.87,64,500
2026-04-13 02:11:26.825454,DB-Server-01,CPU_usage,13.98,64,500
2026-04-13 02:26:26.825454,DB-Server-01,CPU_usage,7.8,64,500
2026-04-13 02:41:26.825454,DB-Server-01,CPU_usage,12.12,64,500
2026-04-13 02:56:26.825454,DB-Server-01,CPU_usage,10.58,64,500
2026-04-13 03:11:26.825454,DB-Server-01,CPU_usage,11.39,64,500
2026-04-13 03:26:26.825454,DB-Server-01,CPU_usage,8.59,64,500
2026-04-13 03:41:26.825454,DB-Server-01,CPU_usage,9.63,64,500
2026-04-13 03:56:26.825454,DB-Server-01,CPU_usage,15.67,64,500
2026-04-13 04:11:26.825454,DB-Server-01,CPU_usage,11.89,64,500
2026-04-13 04:26:26.825454,DB-Server-01,CPU_usage,12.68,64,500
2026-04-13 04:41:26.825454,DB-Server-01,CPU_usage,10.26,64,500
2026-04-13 04:56:26.825454,DB-Server-01,CPU_usage,9.59,64,500
2026-04-13 05:11:26.825454,DB-Server-01,CPU_usage,14.79,64,500
2026-04-13 05:26:26.825454,DB-Server-01,CPU_usage,14.31,64,500
2026-04-13 05:41:26.825454,DB-Server-01,CPU_usage,17.37,64,500
2026-04-13 05:56:26.825454,DB-Server-01,CPU_usage,13.8,64,500
2026-04-13 06:11:26.825454,DB-Server-01,CPU_usage,15.54,64,500
2026-04-13 06:26:26.825454,DB-Server-01,CPU_usage,17.74,64,500
2026-04-13 06:41:26.825454,DB-Server-01,CPU_usage,12.96,64,500
2026-04-13 06:56:26.825454,DB-Server-01,CPU_usage,11.98,64,500
2026-04-13 07:11:26.825454,DB-Server-01,CPU_usage,12.37,64,500
2026-04-13 07:26:26.825454,DB-Server-01,CPU_usage,13.55,64,500
2026-04-13 07:41:26.825454,DB-Server-01,CPU_usage,16.86,64,500
2026-04-13 07:56:26.825454,DB-Server-01,CPU_usage,15.03,64,500
2026-04-13 08:11:26.825454,DB-Server-01,CPU_usage,15.13,64,500
2026-04-13 08:26:26.825454,DB-Server-01,CPU_usage,15.06,64,500
2026-04-13 08:41:26.825454,DB-Server-01,CPU_usage,16.39,64,500
2026-04-13 08:56:26.825454,DB-Server-01,CPU_usage,18.12,64,500
2026-04-13 09:11:26.825454,DB-Server-01,CPU_usage,14.14,64,500
2026-04-13 09:26:26.825454,DB-Server-01,CPU_usage,16.04,64,500
2026-04-13 09:41:26.825454,DB-Server-01,CPU_usage,11.15,64,500
2026-04-13 09:56:26.825454,DB-Server-01,CPU_usage,12.36,64,500
2026-04-13 10:11:26.825454,DB-Server-01,CPU_usage,13.92,64,500
2026-04-13 10:26:26.825454,DB-Server-01,CPU_usage,12.82,64,500
2026-04-13 10:41:26.825454,DB-Server-01,CPU_usage,15.33,64,500
2026-04-13 10:56:26.825454,DB-Server-01,CPU_usage,12.98,64,500
2026-04-13 11:11:26.825454,DB-Server-01,CPU_usage,13.95,64,500
2026-04-13 11:26:26.825454,DB-Server-01,CPU_usage,13.33,64,500
2026-04-13 11:41:26.825454,DB-Server-01,CPU_usage,14.25,64,500
2026-04-13 11:56:26.825454,DB-Server-01,CPU_usage,16.16,64,500
2026-04-13 12:11:26.825454,DB-Server-01,CPU_usage,12.2,64,500
2026-04-13 12:26:26.825454,DB-Server-01,CPU_usage,10.28,64,500
2026-04-13 12:41:26.825454,DB-Server-01,CPU_usage,17.23,64,500
2026-04-13 12:56:26.825454,DB-Server-01,CPU_usage,14.09,64,500
2026-04-13 13:11:26.825454,DB-Server-01,CPU_usage,8.94,64,500
2026-04-13 13:26:26.825454,DB-Server-01,CPU_usage,11.79,64,500
2026-04-13 13:41:26.825454,DB-Server-01,CPU_usage,11.15,64,500
2026-04-13 13:56:26.825454,DB-Server-01,CPU_usage,13.8,64,500
2026-04-13 14:11:26.825454,DB-Server-01,CPU_usage,9.81,64,500
2026-04-13 14:26:26.825454,DB-Server-01,CPU_usage,12.68,64,500
2026-04-13 14:41:26.825454,DB-Server-01,CPU_usage,14.24,64,500
2026-04-13 14:56:26.825454,DB-Server-01,CPU_usage,12.15,64,500
2026-04-13 15:11:26.825454,DB-Server-01,CPU_usage,11.35,64,500
2026-04-13 15:26:26.825454,DB-Server-01,CPU_usage,6.13,64,500
2026-04-13 15:41:26.825454,DB-Server-01,CPU_usage,10.92,64,500
2026-04-13 15:56:26.825454,DB-Server-01,CPU_usage,12.65,64,500
2026-04-13 16:11:26.825454,DB-Server-01,CPU_usage,6.91,64,500
2026-04-13 16:26:26.825454,DB-Server-01,CPU_usage,7.93,64,500
2026-04-13 16:41:26.825454,DB-Server-01,CPU_usage,9.1,64,500
2026-04-13 16:56:26.825454,DB-Server-01,CPU_usage,4.16,64,500
2026-04-13 17:11:26.825454,DB-Server-01,CPU_usage,7.48,64,500
2026-04-13 17:26:26.825454,DB-Server-01,CPU_usage,7.06,64,500
2026-04-13 17:41:26.825454,DB-Server-01,CPU_usage,7.69,64,500
2026-04-13 17:56:26.825454,DB-Server-01,CPU_usage,6.69,64,500
2026-04-13 18:11:26.825454,DB-Server-01,CPU_usage,5.69,64,500
2026-04-13 18:26:26.825454,DB-Server-01,CPU_usage,3.48,64,500
2026-04-13 18:41:26.825454,DB-Server-01,CPU_usage,6.05,64,500
2026-04-13 18:56:26.825454,DB-Server-01,CPU_usage,4.79,64,500
2026-04-13 19:11:26.825454,DB-Server-01,CPU_usage,6.39,64,500
2026-04-13 19:26:26.825454,DB-Server-01,CPU_usage,7.07,64,500
2026-04-13 19:41:26.825454,DB-Server-01,CPU_usage,7.41,64,500
2026-04-13 19:56:26.825454,DB-Server-01,CPU_usage,5.84,64,500
2026-04-13 20:11:26.825454,DB-Server-01,CPU_usage,5.49,64,500
2026-04-13 20:26:26.825454,DB-Server-01,CPU_usage,1.87,64,500
2026-04-13 20:41:26.825454,DB-Server-01,CPU_usage,5.07,64,500
2026-04-13 20:56:26.825454,DB-Server-01,CPU_usage,7.33,64,500
2026-04-13 21:11:26.825454,DB-Server-01,CPU_usage,6.98,64,500
2026-04-13 21:26:26.825454,DB-Server-01,CPU_usage,2.17,64,500
2026-04-13 21:41:26.825454,DB-Server-01,CPU_usage,5.14,64,500
2026-04-13 21:56:26.825454,DB-Server-01,CPU_usage,4.96,64,500
2026-04-13 22:11:26.825454,DB-Server-01,CPU_usage,7.6,64,500
2026-04-13 22:26:26.825454,DB-Server-01,CPU_usage,8.54,64,500
2026-04-13 22:41:26.825454,DB-Server-01,CPU_usage,3.48,64,500
2026-04-13 22:56:26.825454,DB-Server-01,CPU_usage,6.14,64,500
